DRAW,DATE,GAME,AB1,AB2,AB3,AB4,AB5,AB6,BB,WIN1,DIV1,WIN2,DIV2,WIN3,DIV3,WIN4,DIV4,WIN5,DIV5,WIN6,DIV6,WIN7,DIV7,WIN8,DIV8,OB1,OB2,OB3,OB4,OB5,OB6
1506,2015-06-03,LOTTO,20,21,16,39,23,18,31,0,0.00,1,97513.00,44,4986.00,67,1819.00,1632,250.00,1851,144.00,26869,32.00,0,0.00,16,18,20,21,23,39
1507,2015-06-06,LOTTO,21,4,33,22,38,24,19,1,25000000.00,1,284379.00,98,6529.00,266,1336.00,4288,278.00,7422,105.00,78884,32.00,0,0.00,4,21,22,24,33,38
1508,2015-06-10,LOTTO,3,48,23,37,40,5,2,1,807371.00,0,0.00,33,17428.00,177,1891.00,2370,313.00,3071,158.00,44922,36.00,0,0.00,3,5,23,37,40,48
1509,2015-06-13,LOTTO,10,24,43,35,23,36,37,1,1107575.00,0,0.00,61,12934.00,153,1983.00,3189,319.00,3873,172.00,59544,37.00,0,0.00,10,23,24,35,36,43
1510,2015-06-17,LOTTO,34,28,22,13,14,32,15,0,0.00,1,174385.00,62,6328.00,136,1602.00,2652,275.00,3746,128.00,46474,33.00,0,0.00,13,14,22,28,32,34
1511,2015-06-20,LOTTO,28,4,48,45,44,39,12,0,0.00,0,0.00,48,17283.00,163,1958.00,2862,374.00,4796,146.00,56414,41.00,0,0.00,4,28,39,44,45,48
1512,2015-06-24,LOTTO,3,39,5,23,43,36,45,0,0.00,1,191630.00,49,8799.00,95,2522.00,2655,302.00,3021,175.00,50105,34.00,0,0.00,3,5,23,36,39,43
1513,2015-06-27,LOTTO,32,18,42,37,6,28,39,1,4187432.00,1,296517.00,108,6175.00,207,1791.00,4585,271.00,5223,153.00,76674,34.00,0,0.00,6,18,28,32,37,42
1514,2015-07-01,LOTTO,22,39,16,4,1,10,13,0,0.00,0,0.00,77,10090.00,226,1322.00,3872,259.00,5186,127.00,66582,32.00,0,0.00,1,4,10,16,22,39
1515,2015-07-04,LOTTO,5,6,2,7,8,37,48,0,0.00,3,102369.00,245,2820.00,224,1714.00,7708,167.00,5558,152.00,101333,27.00,0,0.00,2,5,6,7,8,37
1516,2015-07-08,LOTTO,30,23,39,48,5,26,47,0,0.00,0,0.00,56,13572.00,104,2811.00,3064,319.00,3257,198.00,57170,37.00,0,0.00,5,23,26,30,39,48
1517,2015-07-11,LOTTO,14,30,3,2,25,31,5,0,0.00,0,0.00,75,12814.00,212,1744.00,17772,70.00,6494,125.00,70427,38.00,0,0.00,2,3,14,25,30,31
1518,2015-07-15,LOTTO,13,36,8,43,12,38,40,0,0.00,3,75788.00,79,6476.00,232,1225.00,3583,266.00,4867,129.00,66647,31.00,0,0.00,8,12,13,36,38,43
1519,2015-07-18,LOTTO,5,18,31,22,32,7,15,1,7286638.00,6,48995.00,97,6819.00,245,1500.00,5081,242.00,7809,104.00,88817,30.00,0,0.00,5,7,18,22,31,32
1520,2015-07-22,LOTTO,40,47,49,23,20,43,15,2,482742.00,1,211613.00,73,6522.00,155,1707.00,3114,285.00,3902,149.00,51649,37.00,0,0.00,20,23,40,43,47,49
1521,2015-07-25,LOTTO,15,24,35,18,42,17,22,1,1394169.00,2,152786.00,132,5209.00,255,1498.00,5545,231.00,7231,116.00,85646,32.00,0,0.00,15,17,18,24,35,42
1522,2015-07-29,LOTTO,34,28,6,3,43,39,2,1,1075903.00,1,235814.00,49,10828.00,138,2136.00,3170,311.00,3667,177.00,58018,37.00,0,0.00,3,6,28,34,39,43
1523,2015-08-01,LOTTO,33,40,24,8,38,22,26,0,0.00,4,82125.00,104,7107.00,275,1493.00,5416,254.00,6803,133.00,91808,32.00,0,0.00,8,22,24,33,38,40
1524,2015-08-05,LOTTO,15,34,38,8,17,29,31,1,2646180.00,3,83828.00,75,7545.00,159,1977.00,3703,284.00,4406,157.00,66969,34.00,0,0.00,8,15,17,29,34,38
1525,2015-08-08,LOTTO,29,12,22,17,37,48,40,2,691053.00,6,50488.00,111,6140.00,230,1646.00,4577,277.00,5893,141.00,78473,35.00,0,0.00,12,17,22,29,37,48
1526,2015-08-12,LOTTO,32,29,20,6,25,35,46,1,1002985.00,2,109916.00,62,7978.00,117,2349.00,3088,298.00,3058,198.00,55791,36.00,0,0.00,6,20,25,29,32,35
1527,2015-08-15,LOTTO,11,33,16,2,43,24,14,0,0.00,4,77053.00,147,4718.00,285,1352.00,5815,222.00,8417,101.00,95151,29.00,0,0.00,2,11,16,24,33,43
1528,2015-08-19,LOTTO,28,2,3,1,23,6,24,0,0.00,4,55844.00,100,5026.00,211,1323.00,8519,110.00,4365,141.00,66063,30.00,0,0.00,1,2,3,6,23,28
1529,2015-08-22,LOTTO,4,9,38,34,41,1,17,0,0.00,1,296105.00,65,10250.00,230,1609.00,3843,323.00,6143,133.00,73952,36.00,0,0.00,1,4,9,34,38,41
1530,2015-08-26,LOTTO,37,20,21,42,11,30,28,0,0.00,1,250501.00,49,11503.00,139,2253.00,3491,301.00,4239,162.00,64516,35.00,0,0.00,11,20,21,30,37,42
1531,2015-08-29,LOTTO,36,28,14,32,46,31,3,0,0.00,0,0.00,50,22234.00,167,2560.00,3499,409.00,5329,177.00,76664,40.00,0,0.00,14,28,31,32,36,46
1532,2015-09-02,LOTTO,6,4,3,23,39,8,18,0,0.00,3,96069.00,89,7288.00,230,1567.00,5164,234.00,7063,112.00,92155,28.00,0,0.00,3,4,6,8,23,39
1533,2015-09-05,LOTTO,8,19,2,1,18,42,10,1,9334857.00,3,112483.00,89,8531.00,296,1425.00,5390,262.00,8192,113.00,93948,32.00,0,0.00,1,2,8,18,19,42
1534,2015-09-09,LOTTO,45,37,7,41,9,23,31,0,0.00,1,244298.00,66,8328.00,159,1921.00,3361,304.00,5207,129.00,64408,34.00,0,0.00,7,9,23,37,41,45
1535,2015-09-12,LOTTO,7,2,21,47,42,43,48,0,0.00,2,152781.00,62,11089.00,172,2221.00,3823,335.00,4988,169.00,76000,36.00,0,0.00,2,7,21,42,43,47
1536,2015-09-16,LOTTO,47,7,38,3,13,5,28,0,0.00,2,120113.00,61,8861.00,170,1766.00,4033,249.00,4884,135.00,71085,30.00,0,0.00,3,5,7,13,38,47
1537,2015-09-19,LOTTO,9,1,39,33,19,2,16,0,0.00,0,0.00,118,8225.00,273,1367.00,8940,211.00,6680,123.00,93522,29.00,0,0.00,1,2,9,19,33,39
1538,2015-09-23,LOTTO,8,46,23,28,14,35,17,0,0.00,1,230257.00,63,8223.00,217,1326.00,2970,325.00,5254,121.00,55942,37.00,0,0.00,8,14,23,28,35,46
1539,2015-09-26,LOTTO,32,9,39,37,46,28,42,0,0.00,3,105931.00,51,14020.00,246,1615.00,3968,335.00,5898,148.00,72642,39.00,0,0.00,9,28,32,37,39,46
1540,2015-09-30,LOTTO,49,40,46,4,3,44,1,0,0.00,3,90951.00,84,7309.00,194,1758.00,3820,299.00,5520,136.00,95751,37.00,0,0.00,3,4,40,44,46,49
1541,2015-10-03,LOTTO,29,16,41,48,2,44,23,0,0.00,4,85692.00,90,8569.00,232,1847.00,4113,349.00,5926,159.00,76570,40.00,0,0.00,2,16,29,41,44,48
1542,2015-10-07,LOTTO,24,43,1,31,46,8,25,0,0.00,0,0.00,52,16334.00,116,2816.00,2911,376.00,3787,190.00,57097,41.00,0,0.00,1,8,24,31,43,46
1543,2015-10-10,LOTTO,45,1,2,34,19,30,40,0,0.00,1,326638.00,50,14699.00,166,2460.00,4161,329.00,5816,154.00,78401,38.00,0,0.00,1,2,19,30,34,45
1544,2015-10-14,LOTTO,12,32,42,37,5,19,25,0,0.00,7,37977.00,86,6955.00,300,1108.00,4424,252.00,5696,128.00,69654,34.00,0,0.00,5,12,19,32,37,42
1545,2015-10-17,LOTTO,47,34,8,17,22,38,10,2,7920719.00,0,0.00,150,7927.00,292,1566.00,6406,239.00,7438,135.00,102531,32.00,0,0.00,8,17,22,34,38,47
1546,2015-10-21,LOTTO,38,30,13,14,33,20,3,0,0.00,1,221948.00,56,8917.00,183,1516.00,3013,309.00,5134,119.00,55464,36.00,0,0.00,13,14,20,30,33,38
1547,2015-10-24,LOTTO,29,28,31,5,40,11,46,0,0.00,7,44894.00,91,7771.00,168,2338.00,4293,307.00,4793,108.00,78813,36.00,0,0.00,5,11,28,29,31,40
1548,2015-10-28,LOTTO,23,46,31,42,47,16,4,0,0.00,1,249171.00,52,10782.00,133,2342.00,3048,342.00,4125,166.00,55345,41.00,0,0.00,16,23,31,42,46,47
1549,2015-10-31,LOTTO,1,24,39,30,44,20,26,0,0.00,1,337610.00,80,9495.00,182,2319.00,4221,335.00,5728,162.00,81680,37.00,0,0.00,1,20,24,30,39,44
1550,2015-11-04,LOTTO,40,36,29,31,38,39,6,0,0.00,2,140102.00,74,8520.00,140,2502.00,3766,312.00,4326,178.00,61527,41.00,0,0.00,29,31,36,38,39,40
1551,2015-11-07,LOTTO,4,1,7,20,3,16,5,0,0.00,14,24092.00,258,2941.00,1234,343.00,8215,172.00,21751,43.00,113928,27.00,0,0.00,1,3,4,7,16,20
1552,2015-11-11,LOTTO,21,20,14,2,37,25,14,0,0.00,3,85565.00,62,9316.00,158,2031.00,3567,301.00,5198,136.00,66811,35.00,0,0.00,2,14,20,21,25,37
1553,2015-11-14,LOTTO,4,38,8,44,11,5,31,2,5347710.00,0,0.00,100,11278.00,266,1919.00,5434,267.00,6505,147.00,101186,31.00,0,0.00,4,5,8,11,38,44
1554,2015-11-18,LOTTO,30,3,14,41,27,38,22,1,1025751.00,0,0.00,48,15222.00,155,1813.00,1579,365.00,4319,143.00,50016,40.00,0,0.00,3,14,27,30,38,41
1555,2015-11-21,LOTTO,9,4,42,8,29,6,46,0,0.00,2,147137.00,76,8712.00,159,2314.00,5054,244.00,4702,172.00,85802,31.00,0,0.00,4,6,8,9,29,42
1556,2015-11-25,LOTTO,34,14,43,5,44,23,8,1,2460063.00,5,48984.00,90,6123.00,222,1379.00,3334,308.00,5044,134.00,59751,37.00,0,0.00,5,14,23,34,43,44
1557,2015-11-28,LOTTO,47,26,9,4,20,23,32,1,1659914.00,3,121272.00,116,7057.00,241,1887.00,5364,284.00,6522,153.00,95044,34.00,0,0.00,4,9,20,23,26,47
1558,2015-12-02,LOTTO,40,33,25,34,36,43,35,1,1240259.00,0,0.00,65,13592.00,192,1770.00,3401,335.00,6297,119.00,65039,38.00,0,0.00,25,33,34,36,40,43
1559,2015-12-05,LOTTO,16,43,39,19,5,8,13,0,0.00,0,0.00,76,14219.00,302,1376.00,5052,258.00,7322,125.00,89912,33.00,0,0.00,5,8,16,19,39,43
1560,2015-12-09,LOTTO,4,41,39,14,34,32,45,0,0.00,1,255153.00,53,10832.00,135,2362.00,3128,342.00,3897,180.00,5943,39.00,0,0.00,4,14,32,34,39,41
1561,2015-12-12,LOTTO,43,46,48,11,29,31,12,0,0.00,3,161447.00,99,11008.00,238,2544.00,5606,362.00,7353,181.00,111058,39.00,0,0.00,11,29,31,43,46,48
1562,2015-12-16,LOTTO,30,27,7,2,15,17,49,2,10781970.00,4,85695.00,160,4820.00,343,1249.00,7277,197.00,7766,121.00,107704,29.00,0,0.00,2,7,15,17,27,30
1563,2015-12-19,LOTTO,5,38,15,22,49,20,13,1,1631852.00,3,119222.00,80,10059.00,228,1961.00,5460,274.00,6909,142.00,100519,32.00,0,0.00,5,15,20,22,38,49
1564,2015-12-23,LOTTO,10,1,30,15,39,32,42,0,0.00,1,284037.00,75,8521.00,164,2165.00,3987,298.00,4665,168.00,73119,35.00,0,0.00,1,10,15,30,32,39
1565,2015-12-26,LOTTO,40,41,42,9,45,24,32,0,0.00,1,223957.00,54,9332.00,135,2074.00,3705,253.00,3727,165.00,55061,37.00,0,0.00,9,24,40,41,42,45
1566,2015-12-30,LOTTO,3,2,23,48,29,45,9,0,0.00,5,53222.00,64,9355.00,171,1945.00,3004,371.00,5161,142.00,61983,39.00,0,0.00,2,3,23,29,45,48
1567,2016-01-02,LOTTO,45,5,39,8,36,3,44,0,0.00,2,146448.00,86,7663.00,190,1927.00,4027,301.00,4931,163.00,77858,34.00,0,0.00,3,5,8,36,39,45
1568,2016-01-06,LOTTO,14,9,28,19,43,44,49,1,6089117.00,1,267602.00,64,9408.00,159,2104.00,3468,323.00,4478,164.00,65884,37.00,0,0.00,9,14,19,28,43,44
1569,2016-01-09,LOTTO,38,2,47,46,42,31,27,0,0.00,1,311999.00,50,14040.00,169,2308.00,3713,352.00,4853,177.00,69510,40.00,0,0.00,2,31,38,42,46,47
1570,2016-01-13,LOTTO,3,24,8,47,44,9,37,0,0.00,1,245507.00,66,8370.00,174,1764.00,3373,305.00,4388,154.00,64487,34.00,0,0.00,3,8,9,24,44,47
1571,2016-01-16,LOTTO,18,8,6,25,39,47,20,1,4103413.00,0,0.00,96,11574.00,247,1730.00,4528,316.00,6619,142.00,84658,36.00,0,0.00,6,8,18,25,39,47
1572,2016-01-20,LOTTO,37,11,3,43,2,1,6,0,0.00,3,79718.00,84,6406.00,224,1335.00,4066,246.00,11185,59.00,67884,32.00,0,0.00,1,2,3,11,37,43
1573,2016-01-23,LOTTO,10,44,6,23,16,30,12,1,2613787.00,1,333731.00,105,7151.00,289,1444.00,5264,266.00,7165,128.00,91231,33.00,0,0.00,6,10,16,23,30,44
1574,2016-01-27,LOTTO,43,37,20,26,13,8,32,3,402268.00,1,264505.00,93,6399.00,237,1395.00,3982,278.00,4934,147.00,66307,36.00,0,0.00,8,13,20,26,37,43
1575,2016-01-30,LOTTO,35,23,27,9,16,5,15,1,20000000.00,9,65330.00,286,462.00,585,1256.00,10894,226.00,14090,115.00,172194,31.00,0,0.00,5,9,16,23,27,35
1576,2016-02-03,LOTTO,49,32,9,18,20,6,26,0,0.00,1,290126.00,90,7253.00,197,1841.00,4412,275.00,5930,135.00,79885,33.00,0,0.00,6,9,18,20,32,49
1577,2016-02-06,LOTTO,31,41,37,17,1,47,18,0,0.00,3,118331.00,71,11250.00,175,2536.00,4718,315.00,5651,173.00,85178,38.00,0,0.00,1,17,31,37,41,47
1578,2016-02-10,LOTTO,25,40,1,49,46,33,43,0,0.00,2,128444.00,58,9966.00,163,1970.00,3439,313.00,4623,153.00,62791,37.00,0,0.00,1,25,33,40,46,49
1579,2016-02-13,LOTTO,21,30,31,4,37,17,39,2,2803767.00,0,0.00,82,12962.00,194,2107.00,4504,304.00,5859,154.00,84811,35.00,0,0.00,4,17,21,30,31,37
1580,2016-02-17,LOTTO,19,25,16,14,6,40,22,0,0.00,0,0.00,67,11093.00,178,1606.00,3533,271.00,5392,117.00,62289,33.00,0,0.00,6,14,16,19,25,40
1581,2016-02-20,LOTTO,7,20,37,48,35,24,43,1,2430860.00,3,101365.00,97,7054.00,208,1828.00,4845,263.00,5519,152.00,80543,34.00,0,0.00,7,20,24,35,37,48
1582,2016-02-24,LOTTO,5,41,15,11,4,26,49,0,0.00,3,71770.00,51,9499.00,113,2382.00,3461,261.00,3776,157.00,61412,32.00,0,0.00,4,5,11,15,26,41
1583,2016-02-27,LOTTO,43,44,47,35,14,2,6,1,2604545.00,4,88887.00,81,9876.00,175,2540.00,4118,362.00,5985,163.00,79194,40.00,0,0.00,2,14,35,43,44,47
1584,2016-03-02,LOTTO,18,36,23,27,37,30,14,0,0.00,2,140122.00,82,7690.00,159,2203.00,4345,270.00,4757,162.00,72579,35.00,0,0.00,18,23,27,30,36,37
1585,2016-03-05,LOTTO,35,15,3,21,48,38,43,1,2817005.00,5,67436.00,92,8246.00,209,2017.00,4757,297.00,5936,156.00,84096,36.00,0,0.00,3,15,21,35,38,48
1586,2016-03-09,LOTTO,45,41,48,9,35,29,25,0,0.00,2,117840.00,45,11784.00,134,2199.00,2728,362.00,3809,170.00,51525,41.00,0,0.00,9,29,35,41,45,48
1587,2016-03-12,LOTTO,26,4,15,22,39,30,6,0,0.00,3,107038.00,95,7605.00,256,1568.00,4812,280.00,7677,115.00,83034,35.00,0,0.00,4,15,22,26,30,39
1588,2016-03-16,LOTTO,37,32,46,30,47,15,40,0,0.00,0,0.00,37,20741.00,116,2545.00,2422,408.00,3703,175.00,49001,43.00,0,0.00,15,30,32,37,46,47
1589,2016-03-19,LOTTO,9,31,42,5,48,40,17,0,0.00,3,102985.00,72,9655.00,204,1893.00,3690,351.00,5615,151.00,73396,38.00,0,0.00,5,9,31,40,42,48
1590,2016-03-23,LOTTO,17,20,48,10,24,46,9,0,0.00,2,113574.00,86,5943.00,204,1392.00,3514,271.00,4413,142.00,59298,35.00,0,0.00,10,17,20,24,46,48
1591,2016-03-26,LOTTO,31,41,17,27,1,23,9,1,20000000.00,4,105869.00,127,7503.00,391,1354.00,6368,279.00,9469,123.00,108566,35.00,0,0.00,1,17,23,27,31,41
1592,2016-03-30,LOTTO,34,38,10,5,22,39,32,0,0.00,4,60776.00,80,6837.00,152,1999.00,3555,286.00,4446,150.00,62388,35.00,0,0.00,5,10,22,34,38,39
1593,2016-04-02,LOTTO,16,42,39,1,6,28,43,0,0.00,1,355137.00,61,13099.00,162,2740.00,4380,340.00,5560,176.00,86142,37.00,0,0.00,1,6,16,28,39,42
1594,2016-04-06,LOTTO,20,11,21,47,16,12,6,0,0.00,1,253652.00,51,11191.00,190,1669.00,3503,303.00,5628,124.00,66650,34.00,0,0.00,11,12,16,20,21,47
1595,2016-04-09,LOTTO,13,30,27,31,17,25,4,0,0.00,2,156953.00,94,7945.00,282,1471.00,4905,283.00,7086,129.00,89291,33.00,0,0.00,13,17,25,27,30,31
1596,2016-04-13,LOTTO,18,2,7,11,20,38,40,0,0.00,1,247328.00,108,5153.00,230,1344.00,5350,194.00,5508,124.00,85284,26.00,0,0.00,2,7,11,18,20,38
1597,2016-04-16,LOTTO,17,34,31,7,18,23,44,0,0.00,3,110194.00,95,7830.00,233,1774.00,5006,277.00,5888,154.00,95944,31.00,0,0.00,7,17,18,23,31,34
1598,2016-04-20,LOTTO,13,4,17,23,2,6,38,0,0.00,4,61248.00,123,4482.00,185,1655.00,4999,205.00,4848,139.00,82881,27.00,0,0.00,2,4,6,13,17,23
1599,2016-04-23,LOTTO,8,18,1,26,31,33,32,0,0.00,2,171574.00,83,9302.00,220,1950.00,5123,281.00,6622,143.00,92777,33.00,0,0.00,1,8,18,26,31,33
1600,2016-04-27,LOTTO,8,3,26,1,39,14,16,0,0.00,0,0.00,85,9909.00,206,1573.00,4042,269.00,6088,117.00,73563,32.00,0,0.00,1,3,8,14,26,39
1601,2016-04-30,LOTTO,41,40,45,19,28,12,14,1,20000000.00,2,242011.00,107,10178.00,283,2138.00,6390,317.00,8324,160.00,120480,36.00,0,0.00,12,19,28,40,41,45
1602,2016-05-04,LOTTO,32,35,24,21,18,23,41,0,0.00,1,269136.00,102,5937.00,183,1838.00,4387,257.00,5120,145.00,73986,33.00,0,0.00,18,21,23,24,32,35
1603,2016-05-07,LOTTO,3,30,45,36,2,19,12,0,0.00,3,115326.00,74,10520.00,246,1758.00,4450,326.00,6577,145.00,85664,36.00,0,0.00,2,3,19,30,36,45
1604,2016-05-11,LOTTO,40,8,41,44,10,14,47,1,3981221.00,2,128742.00,66,8778.00,150,2146.00,3631,297.00,4609,154.00,65105,36.00,0,0.00,8,10,14,40,41,44
1605,2016-05-14,LOTTO,34,6,48,38,44,13,31,0,0.00,4,79882.00,84,8559.00,187,2136.00,4415,303.00,5464,161.00,75096,38.00,0,0.00,6,13,34,38,44,48
1606,2016-05-18,LOTTO,13,38,4,49,33,32,43,0,0.00,1,237050.00,46,11595.00,138,2147.00,2875,345.00,4532,144.00,56615,38.00,0,0.00,4,13,32,33,38,49
1607,2016-05-21,LOTTO,44,41,1,30,14,10,46,0,0.00,1,309610.00,85,8196.00,161,2404.00,4980,260.00,4839,176.00,76320,37.00,0,0.00,1,10,14,30,41,44
1608,2016-05-25,LOTTO,4,48,12,44,13,20,43,0,0.00,0,0.00,44,13818.00,92,5475.00,2907,158.00,3296,142.00,54154,50.00,0,0.00,4,12,13,20,44,48
1609,2016-05-28,LOTTO,20,1,5,49,23,47,41,1,30000000.00,2,334571.00,147,3762.00,281,3603.00,7510,123.00,8523,111.00,130533,50.00,0,0.00,1,5,20,23,47,49
1610,2016-06-01,LOTTO,31,24,14,47,40,42,15,0,0.00,1,383394.00,47,6742.00,103,5632.00,2710,195.00,3425,158.00,51866,50.00,0,0.00,14,24,31,40,42,47
1611,2016-06-04,LOTTO,1,17,27,42,26,11,16,0,0.00,2,212475.00,100,3512.00,214,3005.00,4359,134.00,5878,102.00,79831,50.00,0,0.00,1,11,17,26,27,42
1612,2016-06-08,LOTTO,48,45,4,1,25,27,19,0,0.00,0,0.00,44,14387.00,124,4229.00,2347,203.00,4052,120.00,47500,50.00,0,0.00,1,4,25,27,45,48
1613,2016-06-11,LOTTO,30,27,12,8,6,7,39,2,6968067.00,2,176806.00,99,2952.00,184,2908.00,4805,101.00,4689,106.00,83793,50.00,0,0.00,6,7,8,12,27,30
1614,2016-06-15,LOTTO,32,47,23,29,6,26,19,0,0.00,1,293310.00,36,6733.00,148,2999.00,2223,182.00,3752,110.00,41664,50.00,0,0.00,6,23,26,29,32,47
1615,2016-06-18,LOTTO,15,6,35,49,3,28,12,0,0.00,1,351704.00,64,4542.00,142,3748.00,3152,154.00,4835,102.00,57925,50.00,0,0.00,3,6,15,28,35,49
1616,2016-06-22,LOTTO,42,17,35,19,36,7,32,0,0.00,1,237733.00,51,3852.00,114,3155.00,2891,113.00,3507,95.00,50811,50.00,0,0.00,7,17,19,35,36,42
1617,2016-06-25,LOTTO,28,20,4,44,46,15,26,0,0.00,1,422710.00,73,4785.00,153,4180.00,3424,170.00,4442,134.00,64524,50.00,0,0.00,4,15,20,28,44,46
1618,2016-06-29,LOTTO,36,9,13,47,25,46,42,1,15246350.00,0,0.00,52,12115.00,111,4702.00,2511,189.00,3445,141.00,48131,50.00,0,0.00,9,13,25,36,46,47
1619,2016-07-02,LOTTO,40,33,24,3,4,23,37,1,3693591.00,0,0.00,96,7607.00,167,3623.00,4067,135.00,5356,105.00,78343,50.00,0,0.00,3,4,23,24,33,40
1620,2016-07-06,LOTTO,11,21,3,22,14,16,5,0,0.00,2,139221.00,89,2586.00,396,1064.00,4073,94.00,6386,61.00,65802,50.00,0,0.00,3,11,14,16,21,22
1621,2016-07-09,LOTTO,12,40,21,16,34,15,23,1,6083391.00,3,126690.00,85,3695.00,184,3125.00,3972,132.00,5289,101.00,75375,50.00,0,0.00,12,15,16,21,34,40
1622,2016-07-13,LOTTO,4,39,47,11,45,32,25,0,0.00,0,0.00,56,10493.00,164,2968.00,2361,188.00,3422,132.00,46266,50.00,0,0.00,4,11,32,39,45,47
1623,2016-07-16,LOTTO,48,7,34,37,4,31,22,0,0.00,2,195837.00,83,3900.00,271,2187.00,4146,130.00,6331,87.00,77522,50.00,0,0.00,4,7,31,34,37,48
1624,2016-07-20,LOTTO,36,24,49,13,27,48,17,0,0.00,2,163264.00,46,5866.00,147,3361.00,2430,185.00,4324,106.00,47480,50.00,0,0.00,13,24,27,36,48,49
1625,2016-07-23,LOTTO,16,38,36,24,5,41,4,0,0.00,1,437638.00,75,4822.00,142,4663.00,3981,151.00,5206,118.00,70968,50.00,0,0.00,5,16,24,36,38,41
1626,2016-07-27,LOTTO,28,19,2,40,22,45,1,0,0.00,2,208336.00,90,3826.00,180,3503.00,4059,141.00,5171,113.00,71901,50.00,0,0.00,2,19,22,28,40,45
1627,2016-07-30,LOTTO,29,30,34,43,28,49,40,1,35244637.00,1,623709.00,75,6873.00,212,4452.00,4188,205.00,6240,141.00,81088,50.00,0,0.00,28,29,30,34,43,49
1628,2016-08-03,LOTTO,44,43,11,7,20,8,28,0,0.00,3,89392.00,49,4523.00,197,2060.00,2923,126.00,3902,97.00,57490,50.00,0,0.00,7,8,11,20,43,44
1629,2016-08-06,LOTTO,40,1,8,11,14,48,16,0,0.00,1,383299.00,69,4591.00,191,3036.00,3937,134.00,5687,95.00,69216,50.00,0,0.00,1,8,11,14,40,48
1630,2016-08-10,LOTTO,35,3,30,41,37,45,24,0,0.00,0,0.00,27,20430.00,95,4810.00,2160,192.00,3356,127.00,42657,50.00,0,0.00,3,30,35,37,41,45
1631,2016-08-13,LOTTO,20,9,14,4,17,24,12,1,12003288.00,6,57640.00,117,2443.00,335,1562.00,5092,94.00,7730,63.00,79197,50.00,0,0.00,4,9,14,17,20,24
1632,2016-08-17,LOTTO,16,43,29,23,22,5,10,0,0.00,0,0.00,43,11816.00,143,2944.00,2523,152.00,4041,97.00,46765,50.00,0,0.00,5,16,22,23,29,43
1633,2016-08-20,LOTTO,48,24,46,43,34,15,39,1,6088252.00,2,190423.00,61,5160.00,136,4237.00,3077,170.00,3947,136.00,53866,50.00,0,0.00,15,24,34,43,46,48
1634,2016-08-24,LOTTO,7,40,2,13,9,29,45,0,0.00,2,116662.50,68,2835.60,121,2917.60,3246,98.90,3041,107.90,52204,50.00,0,0.00,2,7,9,13,29,40
1635,2016-08-27,LOTTO,20,11,22,27,7,25,10,4,1284612.00,4,80724.70,204,1308.10,327,1494.40,6484,68.50,7841,58.00,92574,50.00,0,0.00,7,11,20,22,25,27
1636,2016-08-31,LOTTO,19,16,1,27,38,43,31,0,0.00,1,312600.70,50,5166.80,116,4077.40,2816,152.80,3757,117.00,53033,50.00,0,0.00,1,16,19,27,38,43
1637,2016-09-03,LOTTO,15,8,42,29,10,22,16,1,6556314.90,2,198551.70,83,3953.90,205,2930.90,4141,132.00,5976,93.50,71486,50.00,0,0.00,8,10,15,22,29,42
1638,2016-09-07,LOTTO,9,43,24,44,49,6,46,1,2819740.30,2,152614.80,45,5605.50,107,4316.20,2427,173.10,3533,121.60,48545,50.00,0,0.00,6,9,24,43,44,49
1639,2016-09-10,LOTTO,2,26,48,10,7,38,17,0,0.00,2,173418.90,48,5971.60,188,2791.40,3396,140.60,4997,97.60,61523,50.00,0,0.00,2,7,10,26,38,48
1640,2016-09-14,LOTTO,24,16,45,18,8,47,22,0,0.00,1,267014.50,50,4413.30,141,2865.30,2508,146.50,3708,101.40,46223,50.00,0,0.00,8,16,18,24,45,47
1641,2016-09-17,LOTTO,12,2,16,11,25,8,6,0,0.00,2,157342.20,97,2681.10,347,1372.20,4783,90.50,7550,58.60,75716,50.00,0,0.00,2,8,11,12,16,25
1642,2016-09-21,LOTTO,37,23,46,48,28,22,11,0,0.00,0,0.00,44,12936.80,121,3897.10,2124,202.10,3460,126.80,43429,50.00,0,0.00,22,23,28,37,46,48
1643,2016-09-24,LOTTO,8,35,10,33,17,20,49,0,0.00,1,346880.80,89,3221.00,155,3386.10,37947,120.10,4709,103.70,71801,50.00,0,0.00,8,10,17,20,33,35
1644,2016-09-28,LOTTO,23,31,16,30,45,9,19,0,0.00,0,0.00,69,8998.30,190,2707.20,3312,141.30,4614,103.60,55344,50.00,0,0.00,9,16,23,30,31,45
1645,2016-10-01,LOTTO,32,26,3,39,4,37,35,0,0.00,3,147068.60,54,6752.30,198,3371.50,3864,157.10,5372,115.60,77026,50.00,0,0.00,3,4,26,32,37,39
1646,2016-10-05,LOTTO,17,15,25,7,40,31,47,1,25196368.70,2,179606.40,99,2998.60,192,2830.80,4544,108.80,4897,103.20,75139,50.00,0,0.00,7,15,17,25,31,40
1647,2016-10-08,LOTTO,14,39,40,38,1,48,45,0,0.00,2,195251.90,47,6866.30,110,5371.40,2761,194.70,3540,155.20,50129,50.00,0,0.00,1,14,38,39,40,48
1648,2016-10-12,LOTTO,18,36,5,32,48,14,23,0,0.00,1,277419.10,44,5210.60,165,2544.00,2443,156.30,3925,99.50,43665,50.00,0,0.00,5,14,18,32,36,48
1649,2016-10-15,LOTTO,8,17,34,23,22,49,37,0,0.00,2,171369.70,79,3585.40,182,2849.30,3605,130.90,4826,99.90,64399,50.00,0,0.00,8,17,22,23,34,49
1650,2016-10-19,LOTTO,41,26,23,1,45,39,34,0,0.00,0,0.00,42,12927.80,113,3980.60,1886,216.90,3015,138.70,39249,50.00,0,0.00,1,23,26,39,41,45
1651,2016-10-22,LOTTO,5,1,29,27,34,42,14,0,0.00,1,367073.30,53,5723.70,145,3830.40,2904,174.00,4065,127.10,55776,50.00,0,0.00,1,5,27,29,34,42
1652,2016-10-26,LOTTO,43,29,23,27,32,49,9,0,0.00,0,0.00,47,12396.30,156,3094.00,2735,160.50,4171,107.60,49376,50.00,0,0.00,23,27,29,32,43,49
1653,2016-10-29,LOTTO,47,33,17,40,11,41,18,0,0.00,0,0.00,67,11004.10,179,3412.20,4066,136.60,5032,112.90,73793,50.00,0,0.00,11,17,33,40,41,47
1654,2016-11-02,LOTTO,19,38,4,26,23,41,48,0,0.00,1,357320.80,79,3738.00,165,3276.60,3687,133.40,4424,113.60,63936,50.00,0,0.00,4,19,23,26,38,41
1655,2016-11-05,LOTTO,11,30,36,38,29,37,10,0,0.00,3,162629.90,58,6951.70,177,4170.70,3278,204.90,4932,139.20,68335,50.00,0,0.00,11,29,30,36,37,38
1656,2016-11-09,LOTTO,11,6,43,10,39,38,1,1,33341612.10,2,183121.20,57,5310.00,187,2963.30,3255,154.90,4771,108.00,60056,50.00,0,0.00,6,10,11,38,39,43
1657,2016-11-12,LOTTO,40,44,35,18,9,4,48,0,0.00,2,167273.70,66,4189.00,157,3224.10,3501,131.50,4246,1100.90,63104,50.00,0,0.00,4,9,18,35,40,44
1658,2016-11-16,LOTTO,36,8,25,11,46,24,47,1,5612203.70,0,0.00,41,12159.60,104,3971.20,2700,139.10,3089,124.30,48593,50.00,0,0.00,8,11,24,25,36,46
1659,2016-11-19,LOTTO,13,7,25,43,20,32,14,2,1462892.30,0,0.00,100,5784.40,128,3743.80,3658,119.20,3994,111.60,58146,50.00,0,0.00,7,13,20,25,32,43
1660,2016-11-23,LOTTO,38,5,40,39,1,41,12,1,2401708.10,1,259978.70,49,4384.80,108,3642.20,2386,149.90,2619,139.70,35862,50.00,0,0.00,1,5,38,39,40,41
1661,2016-11-26,LOTTO,9,7,22,24,43,48,23,0,0.00,2,172316.90,55,5178.40,176,2962.80,3305,143.50,4586,105.70,63958,50.00,0,0.00,7,9,22,24,43,48
1662,2016-11-30,LOTTO,7,10,32,5,3,23,38,0,0.00,1,261240.90,107,2017.70,170,2325.10,4744,75.80,4260,86.30,70700,50.00,0,0.00,3,5,7,10,23,32
1663,2016-12-03,LOTTO,39,21,27,18,46,2,41,0,0.00,0,0.00,81,8527.90,143,4001.70,3561,146.20,4035,131.90,62807,50.00,0,0.00,2,18,21,27,39,46
1664,2016-12-07,LOTTO,31,39,13,1,29,23,14,0,0.00,0,0.00,43,12591.60,104,4313.00,2707,150.70,3190,130.70,49062,50.00,0,0.00,1,13,23,29,31,39
1665,2016-12-10,LOTTO,43,34,15,12,46,3,32,0,0.00,2,190598.00,56,5625.50,107,5390.30,3279,160.00,4093,131.10,58456,50.00,0,0.00,3,12,15,34,43,46
1666,2016-12-14,LOTTO,8,9,27,39,20,21,32,0,0.00,2,186766.00,97,3182.40,216,2616.60,4202,122.40,5117,102.70,73857,50.00,0,0.00,8,9,20,21,27,39
1667,2016-12-17,LOTTO,47,22,12,34,38,40,9,0,0.00,2,223127.60,92,4008.60,203,3326.10,4026,152.50,5187,121.10,71485,50.00,0,0.00,12,22,34,38,40,47
1668,2016-12-21,LOTTO,33,11,29,34,40,36,16,0,0.00,2,189640.20,60,5224.20,150,3825.90,3662,142.60,5178,103.00,66372,50.00,0,0.00,11,29,33,34,36,40
1669,2016-12-24,LOTTO,11,30,32,33,23,14,39,2,15414643.20,3,158800.30,109,3612.00,196,3677.60,4520,145.00,5951,112.70,86238,50.00,0,0.00,11,14,23,30,32,33
1670,2016-12-28,LOTTO,27,43,4,39,45,49,47,0,0.00,0,0.00,47,10800.60,203,2071.60,2284,167.60,3958,98.70,42176,50.00,0,0.00,4,27,39,43,45,49
1671,2016-12-31,LOTTO,21,49,13,9,48,24,36,1,5881598.60,1,358729.70,52,5701.20,211,2572.40,3226,153.00,4438,113.80,59737,50.00,0,0.00,9,13,21,24,48,49
1672,2017-01-04,LOTTO,29,5,20,41,6,43,15,1,2679555.30,0,0.00,54,9810.40,108,4063.70,1975,202.20,3114,131.00,40274,50.00,0,0.00,5,6,20,29,41,43
1673,2017-01-07,LOTTO,30,14,33,49,27,28,12,1,3077465.20,0,0.00,38,16011.40,122,4131.50,2665,172.00,3388,138.40,50246,50.00,0,0.00,14,27,28,30,33,49
1674,2017-01-11,LOTTO,30,46,47,10,6,36,31,0,0.00,1,258968.10,43,4977.10,107,3662.00,1982,179.90,2625,138.80,38367,50.00,0,0.00,6,10,30,36,46,47
1675,2017-01-14,LOTTO,35,3,30,14,16,26,7,0,0.00,3,118226.50,74,3961.00,224,2395.70,3147,155.10,5718,87.30,58187,50.00,0,0.00,3,14,16,26,30,35
1676,2017-01-18,LOTTO,32,27,23,12,4,28,33,0,0.00,0,0.00,49,9275.40,118,3190.90,2873,119.20,3621,96.60,48011,50.00,0,0.00,4,12,23,27,28,32
1677,2017-01-21,LOTTO,41,9,31,19,36,35,13,0,0.00,2,171727.70,46,6170.50,179,2903.20,3314,142.70,4719,102.00,61915,50.00,0,0.00,9,19,31,35,36,41
1678,2017-01-25,LOTTO,2,17,1,16,34,19,45,0,0.00,1,271567.10,68,3300.40,141,2914.10,3467,107.80,3479,109.90,58738,50.00,0,0.00,1,2,16,17,19,34
1679,2017-01-28,LOTTO,10,31,13,30,14,18,49,1,17484839.20,0,0.00,71,10680.00,142,4423.80,4122,1383.60,4607,126.80,76344,50.00,0,0.00,10,13,14,18,30,31
1680,2017-02-01,LOTTO,34,24,48,9,49,14,42,0,0.00,0,0.00,48,12252.10,162,3007.40,2980,148.70,3660,123.80,50574,50.00,0,0.00,9,14,24,34,48,49
1681,2017-02-04,LOTTO,7,19,13,38,41,39,27,0,0.00,2,184006.50,84,3620.60,262,2125.30,4073,124.40,6281,82.40,70827,50.00,0,0.00,7,13,19,38,39,41
1682,2017-02-08,LOTTO,28,32,24,23,5,48,46,0,0.00,0,0.00,40,13428.60,115,3869.40,2513,161.00,3012,137.50,47599,50.00,0,0.00,5,23,24,28,32,48
1683,2017-02-11,LOTTO,37,16,31,29,22,12,9,1,12456743.60,2,182153.80,77,3910.00,212,2600.10,3597,139.40,5133,99.80,63549,50.00,0,0.00,12,16,22,29,31,37
1684,2017-02-15,LOTTO,19,48,5,47,2,15,30,0,0.00,2,127644.80,43,4906.40,113,3418.30,2206,159.30,3023,118.90,44367,50.00,0,0.00,2,5,15,19,47,48
1685,2017-02-18,LOTTO,8,36,34,14,31,19,6,0,0.00,2,160597.10,60,4424.10,153,3176.30,3159,139.90,4364,103.60,57594,50.00,0,0.00,8,14,19,31,34,36
1686,2017-02-22,LOTTO,39,7,12,48,46,16,14,0,0.00,4,62475.60,41,5037.10,92,4110.00,2155,159.70,2758,127.40,40728,50.00,0,0.00,7,12,16,39,46,48
1687,2017-02-25,LOTTO,7,45,40,34,27,23,26,0,0.00,0,0.00,93,8906.10,177,3876.60,4776,130.70,5303,120.30,83063,50.00,0,0.00,7,23,27,34,40,45
1688,2017-03-01,LOTTO,44,4,41,43,40,34,6,0,0.00,0,0.00,81,9645.80,128,5056.70,4492,131.00,4510,133.50,67899,50.00,0,0.00,4,34,40,41,43,44
1689,2017-03-04,LOTTO,7,38,12,41,31,9,25,0,0.00,0,0.00,69,1167.20,205,3253.30,4252,142.70,5821,106.60,50934,50.00,0,0.00,7,9,12,31,38,41
1690,2017-03-08,LOTTO,19,20,38,44,11,17,35,0,0.00,1,329509.00,63,4322.40,157,3175.50,3857,117.60,4775,97.00,68990,50.00,0,0.00,11,17,19,20,38,44
1691,2017-03-11,LOTTO,18,9,46,24,27,34,1,0,0.00,0,0.00,112,7399.60,219,3135.00,4666,133.90,5751,111.10,82726,50.00,0,0.00,9,18,24,27,34,46
1692,2017-03-15,LOTTO,25,1,36,31,14,13,37,1,30676533.10,0,0.00,64,11100.00,197,2987.40,3780,141.60,5076,107.80,70484,50.00,0,0.00,1,13,14,25,31,36
1693,2017-03-18,LOTTO,5,2,49,7,20,13,21,0,0.00,3,129450.10,132,2431.40,251,2341.00,5762,92.70,6716,81.30,91602,50.00,0,0.00,2,5,7,13,20,49
1694,2017-03-22,LOTTO,35,5,22,7,17,25,49,1,5721912.20,4,57758.00,145,1316.70,205,1705.20,6078,52.40,4851,67.10,84250,50.00,0,0.00,5,7,17,22,25,35
1695,2017-03-25,LOTTO,25,5,24,9,19,1,17,1,3848511.70,9,46287.90,187,1841.10,521,1209.80,7660,74.80,11883,49.30,113611,50.00,0,0.00,1,5,9,19,24,25
1696,2017-03-29,LOTTO,11,28,29,13,18,31,40,0,0.00,4,95541.20,78,4049.00,174,3323.30,4285,122.80,4930,109.10,73451,50.00,0,0.00,11,13,18,28,29,31
1697,2017-04-01,LOTTO,23,24,47,31,3,35,2,0,0.00,3,194757.40,88,5487.00,241,3668.20,4933,163.00,6194,132.70,90494,50.00,0,0.00,3,23,24,31,35,47
1698,2017-04-05,LOTTO,8,43,26,11,6,35,27,0,0.00,1,430117.60,81,4388.40,198,3286.90,4168,142.00,5511,109.90,76369,50.00,0,0.00,6,8,11,26,35,43
1699,2017-04-08,LOTTO,34,27,22,44,8,9,1,0,0.00,2,265891.90,121,3632.00,283,2843.10,5929,123.50,7988,93.60,103643,50.00,0,0.00,8,9,22,27,34,44
1700,2017-04-12,LOTTO,15,26,6,43,20,18,37,0,0.00,2,199687.60,84,3929.20,238,2539.00,4132,133.00,5753,97.70,76229,50.00,0,0.00,6,15,18,20,26,43
1701,2017-04-15,LOTTO,35,38,23,27,49,14,21,0,0.00,4,119474.40,59,6694.00,183,3951.30,4104,160.30,5832,115.30,75206,50.00,0,0.00,14,23,27,35,38,49
1702,2017-04-19,LOTTO,20,35,13,48,26,39,22,0,0.00,1,425303.20,70,5021.20,233,2761.90,3633,161.10,5464,109.60,61991,50.00,0,0.00,13,20,26,35,39,48
1703,2017-04-22,LOTTO,23,38,26,47,18,3,22,1,34494651.00,1,503043.00,88,4724.10,227,3353.00,4918,140.80,6467,109.40,88251,50.00,0,0.00,3,18,23,26,38,47
1704,2017-04-26,LOTTO,9,48,13,35,47,2,31,0,0.00,1,338412.30,45,6215.00,93,5505.70,2627,177.20,3403,140.00,52029,50.00,0,0.00,2,9,13,35,47,48
1705,2017-04-29,LOTTO,1,7,29,43,47,22,45,0,0.00,5,82571.90,64,5331.20,152,4109.70,3783,150.20,4528,128.30,72126,50.00,0,0.00,1,7,22,29,43,47
1706,2017-05-03,LOTTO,24,37,9,16,11,30,49,0,0.00,4,81237.10,79,3399.30,154,3192.70,3846,116.30,3983,114.70,65448,50.00,0,0.00,9,11,16,24,30,37
1707,2017-05-06,LOTTO,4,9,2,30,48,32,35,1,13785355.20,2,208004.50,66,5209.00,162,3885.40,3649,156.90,5258,111.40,71739,50.00,0,0.00,2,4,9,30,32,48
1708,2017-05-10,LOTTO,26,43,41,5,19,44,33,0,0.00,1,302444.10,34,7351.40,125,3661.00,2395,173.90,3991,106.60,47833,50.00,0,0.00,5,19,26,41,43,44
1709,2017-05-13,LOTTO,26,8,10,32,9,22,17,0,0.00,0,0.00,57,10621.20,174,2882.40,3338,136.60,5124,91.00,62889,50.00,0,0.00,8,9,10,22,26,32
1710,2017-05-17,LOTTO,41,25,32,28,27,12,36,0,0.00,2,149226.60,30,8221.60,110,4105.20,2242,183.30,3391,123.90,43126,50.00,0,0.00,12,25,27,28,32,41
1711,2017-05-20,LOTTO,2,12,30,23,1,41,340,0,0.00,4,87998.70,66,4407.50,185,2878.90,3196,151.6,4343,114.00,60651,50.00,0,0.00,1,2,12,23,30,41
1712,2017-05-24,LOTTO,30,40,14,9,1,16,39,0,0.00,0,0.00,44,10792.30,113,3481.20,2738,130.70,3029,120.80,49019,50.00,0,0.00,1,9,14,16,30,40
1713,2017-05-27,LOTTO,11,6,21,10,39,47,17,0,0.00,0,0.00,88,8598.60,248,2527.60,3925,145.30,6642,87.80,69962,50.00,0,0.00,6,10,11,21,39,47
1714,2017-05-31,LOTTO,30,44,48,14,39,34,35,0,0.00,1,357596.00,44,6716.50,128,4227.10,2708,181.70,3543,141.90,50036,50.00,0,0.00,14,30,34,39,44,48
1715,2017-06-03,LOTTO,33,23,26,6,47,46,22,1,25475570.70,1,441413.90,63,5790.40,181,3690.00,3735,162.60,5071,122.50,68249,50.00,0,0.00,6,23,26,33,46,47
1716,2017-06-07,LOTTO,28,13,1,3,32,45,10,0,0.00,1,273073.70,46,4905.90,120,3443.10,2315,162.40,3704,103.70,48696,50.00,0,0.00,1,3,13,28,32,45
1717,2017-06-10,LOTTO,27,4,42,12,47,11,28,0,0.00,1,324478.30,43,6236.20,145,3385.90,3596,124.20,3831,119.20,62781,50.00,0,0.00,4,11,12,27,42,47
1718,2017-06-14,LOTTO,14,19,42,12,33,11,27,0,0.00,0,0.00,55,7933.10,172,2101.50,2872,114.50,5948,56.50,51013,50.00,0,0.00,11,12,14,19,33,42
1719,2017-06-17,LOTTO,15,31,22,34,36,7,38,0,0.00,0,0.00,78,7136.60,144,3202.40,3488,120.30,4142,103.60,62847,50.00,0,0.00,7,15,22,31,34,36
1720,2017-06-21,LOTTO,18,9,5,24,8,44,30,0,0.00,3,76580.70,50,3797.20,165,2106.80,3139,100.70,3587,90.10,53907,50.00,0,0.00,5,8,9,18,24,44
1721,2017-06-24,LOTTO,42,37,15,31,26,18,49,0,0.00,1,376873.60,75,4152.80,137,4162.20,3306,156.90,4056,130.70,58592,50.00,0,0.00,15,18,26,31,37,42
1722,2017-06-28,LOTTO,15,20,30,25,29,47,38,1,18894330.20,0,0.00,49,11086.10,130,3461.70,3255,125.70,3518,119.00,49572,50.00,0,0.00,15,20,25,29,30,47
1723,2017-07-01,LOTTO,19,26,16,25,12,6,48,0,0.00,1,346424.00,100,2862.90,179,2928.30,5286,90.30,4771,102.20,80579,50.00,0,0.00,6,12,16,19,25,26
1724,2017-07-05,LOTTO,44,16,29,32,30,37,10,1,6141825.90,1,318412.80,37,7112.00,111,4340.30,2200,119.30,3614,123.90,43653,50.00,0,0.00,16,29,30,32,37,44
1725,2017-07-08,LOTTO,5,40,33,38,45,36,27,0,0.00,0,0.00,44,14620.20,132,4037.30,3300,146.90,4214,117.60,57538,50.00,0,0.00,5,33,36,38,40,45
1726,2017-07-12,LOTTO,35,33,31,40,24,1,4,0,0.00,0,0.00,25,20271.10,119,3527.90,2302,156.90,3975,98.20,44747,50.00,0,0.00,1,24,31,33,35,40
1727,2017-07-15,LOTTO,46,17,13,26,48,30,34,0,0.00,1,373938.10,55,5618.70,134,4222.30,2838,181.30,4019,131.00,54616,50.00,0,0.00,13,17,26,30,46,48
1728,2017-07-19,LOTTO,8,9,38,16,52,26,0,0,0.00,1,230530.10,77,2474.20,165,2114.00,3666,86.60,3803,85.20,55833,50.00,0,0.00,8,9,16,26,38,52
1729,2017-07-22,LOTTO,31,27,11,30,13,45,46,0,0.00,0,0.00,60,10565.20,147,3572.40,3370,141.70,3529,138.40,58454,50.00,0,0.00,11,13,27,30,31,45
1730,2017-07-26,LOTTO,23,9,24,49,10,38,5,1,17527655.10,1,316095.10,60,4353.80,125,3826.20,2608,166.80,4209,105.70,48321,50.00,0,0.00,9,10,23,24,38,49
1731,2017-07-29,LOTTO,26,49,16,25,35,19,48,0,0.00,0,0.00,69,9598.90,167,3285.60,3663,136.30,4178,122.10,62786,50.00,0,0.00,16,19,25,26,35,49
1732,2017-08-02,LOTTO,31,49,8,39,29,12,17,0,0.00,1,98139.10,43,3969.30,119,1792.80,2209,162.20,3294,94.60,41688,50.00,37203,20.00,8,12,29,31,39,49
1733,2017-08-05,LOTTO,31,45,6,39,7,33,14,0,0.00,3,38870.60,31,6542.00,113,2243.40,2430,175.30,3442,107.50,49531,50.00,38129,20.00,6,7,31,33,39,45
1734,2017-08-09,LOTTO,46,1,20,27,32,10,8,0,0.00,1,76079.60,32,4134.80,72,2297.00,1857,149.60,2793,86.50,35367,50.00,30439,20.00,1,10,20,27,32,46
1735,2017-08-12,LOTTO,24,46,34,40,41,38,9,0,0.00,0,0.00,30,10093.90,83,2895.60,2067,195.30,3073,114.20,42127,50.00,34180,20.00,24,34,38,40,41,46
1736,2017-08-16,LOTTO,50,49,31,28,39,22,21,0,0.00,1,97450.70,24,6626.80,65,3058.50,1666,200.50,2150,135.00,33037,50.00,25416,20.00,22,28,31,39,49,50
1737,2017-08-19,LOTTO,42,13,47,33,23,51,52,0,0.00,2,59036.30,58,3540.40,131,1959.40,2716,158.80,3067,122.20,48978,50.00,33074,20.00,13,23,33,42,47,51
1738,2017-08-23,LOTTO,27,7,40,1,26,6,10,1,25448845.90,2,42678.30,43,3452.30,113,1642.10,2326,134.00,3777,71.70,44296,50.00,38599,20.00,1,6,7,26,27,40
1739,2017-08-26,LOTTO,36,28,34,25,1,49,14,0,0.00,0,0.00,30,10727.50,105,2432.50,2284,187.90,3267,114.10,48006,50.00,36050,20.00,1,25,28,34,36,49
1740,2017-08-30,LOTTO,32,35,10,33,39,42,31,1,6586613.80,0,0.00,30,8220.30,126,1553.40,1909,172.20,3321,86.10,37642,50.00,27102,20.00,10,32,33,35,39,42
1741,2017-09-02,LOTTO,30,25,3,4,1,21,41,0,0.00,1,113943.10,63,3145.40,119,2081.50,3582,116.20,3389,106.70,67007,50.00,37593,20.00,1,3,4,21,25,30
1742,2017-09-06,LOTTO,24,51,1,44,7,29,23,0,0.00,1,100400.80,27,6467.10,86,2537.90,1766,207.60,2370,134.50,39895,50.00,29762,20.00,1,7,24,29,44,51
1743,2017-09-09,LOTTO,35,16,27,51,9,37,400,0,0.00,0,0.00,58,5214.30,99,2424.50,2666,151.30,3089,113.40,47006,50.00,34105,20.00,9,16,27,35,37,51
1744,2017-09-13,LOTTO,49,19,4,21,10,31,350,0,0.00,0,0.00,53,4110.60,92,1879.40,2311,125.60,2886,87.60,42552,50.00,29386,20.00,4,10,19,21,31,49
1745,2017-09-16,LOTTO,37,2,7,10,33,44,11,1,16010159.70,2,50069.00,60,2902.50,164,1327.40,2840,128.80,4521,68.80,51758,50.00,48273,20.00,2,7,10,33,37,44
1746,2017-09-20,LOTTO,22,7,34,37,3,24,44,0,0.00,0,0.00,42,4403.90,80,1835.00,2375,103.90,2633,81.30,40572,50.00,27764,20.00,3,7,22,24,34,37
1747,2017-09-23,LOTTO,2,33,43,19,31,52,22,0,0.00,2,53540.90,29,6421.70,97,2399.80,1914,204.30,3148,108.00,41018,50.00,36738,20.00,2,19,31,33,43,52
1748,2017-09-27,LOTTO,44,11,16,8,10,35,52,0,0.00,0,0.00,36,5865.60,62,2703.10,2029,138.70,1874,130.50,40469,50.00,21197,20.00,8,10,11,16,35,44
1749,2017-09-30,LOTTO,19,24,7,51,11,25,26,0,0.00,0,0.00,74,3834.70,160,1407.60,3663,103.30,4546,72.30,64674,50.00,42190,20.00,7,11,19,24,25,51
1750,2017-10-04,LOTTO,33,38,27,35,25,1,12,0,0.00,4,25182.10,27,6488.00,109,2008.90,2384,154.30,3283,97.40,47561,50.00,37280,20.00,1,25,27,33,35,38
1751,2017-10-07,LOTTO,43,18,50,29,22,32,25,0,0.00,1,128735.00,49,4569.10,145,1930.00,2820,166.70,3904,104.70,52505,50.00,40453,20.00,18,22,29,32,43,50
1752,2017-10-11,LOTTO,28,24,5,42,15,49,41,0,0.00,0,0.00,43,6808.30,81,2868.50,2294,170.20,2600,130.50,45211,50.00,29245,20.00,5,15,24,28,42,49
1753,2017-10-14,LOTTO,21,33,22,5,1,44,16,0,0.00,2,60933.30,57,3718.30,134,1977.10,3496,127.30,4499,86.00,61659,50.00,47065,20.00,1,5,21,22,33,44
1754,2017-10-18,LOTTO,23,45,38,9,43,25,18,0,0.00,3,32901.60,52,3301.10,131,1638.00,2546,141.60,3793,82.50,45657,50.00,39032,20.00,9,23,25,38,43,45
1755,2017-10-21,LOTTO,37,36,20,23,442,7,24,0,0.00,1,127465.70,42,5278.10,141,1965.20,2757,168.90,3850,105.10,56349,50.00,45448,20.00,7,20,23,36,37,442
1756,2017-10-25,LOTTO,18,5,39,14,52,32,17,0,0.00,0,0.00,50,6750.10,98,2733.30,2391,188.20,3172,123.30,48448,50.00,39087,20.00,5,14,18,32,39,52
1757,2017-10-28,LOTTO,46,6,19,38,45,1,50,0,0.00,0,0.00,58,6860.50,122,2588.50,3310,160.30,3695,124.80,63908,50.00,40829,20.00,1,6,19,38,45,46
1758,2017-11-01,LOTTO,28,12,3,47,42,43,23,0,0.00,0,0.00,43,8699.80,112,2650.90,2407,207.20,3857,112.40,50667,50.00,43929,20.00,3,12,28,42,43,47
1759,2017-11-04,LOTTO,11,5,38,25,49,32,41,1,50795986.30,1,155689.80,90,3008.50,155,2183.60,4059,140.10,4780,103.40,73709,50.00,50276,20.00,5,11,25,32,38,49
1760,2017-11-08,LOTTO,24,47,39,51,1,38,31,0,0.00,1,90743.10,21,7515.00,45,4383.70,1362,243.20,1706,168.70,28314,50.00,22293,20.00,1,24,38,39,47,51
1761,2017-11-11,LOTTO,28,3,30,21,46,51,42,1,6251034.20,0,0.00,31,9384.40,84,2748.60,1780,217.90,2510,134.30,38026,50.00,28700,20.00,3,21,28,30,46,51
1762,2017-11-15,LOTTO,22,37,2,49,42,36,16,0,0.00,0,0.00,29,7133.90,75,2189.30,1439,191.70,2400,99.90,30529,50.00,24334,20.00,2,22,36,37,42,49
1763,2017-11-18,LOTTO,3,52,39,36,43,38,47,0,0.00,0,0.00,29,9512.20,81,2702.90,1707,215.50,2336,136.80,36222,50.00,27388,20.00,3,36,38,39,43,52
1764,2017-11-22,LOTTO,48,3,29,25,26,16,45,0,0.00,1,69940.90,26,4678.40,51,2981.20,1557,164.10,1661,133.70,30224,50.00,18876,20.00,3,16,25,26,29,48
1765,2017-11-25,LOTTO,44,35,7,2,25,51,29,0,0.00,2,52259.40,38,4783.50,86,2642.10,2294,166.40,2952,112.40,44456,50.00,32318,20.00,2,7,25,35,44,51
1766,2017-11-29,LOTTO,32,41,20,39,26,34,10,0,0.00,0,0.00,37,6842.00,100,2009.10,1952,172.90,2783,105.40,38842,50.00,31063,20.00,20,26,32,34,39,41
1767,2017-12-02,LOTTO,51,24,43,13,50,25,28,0,0.00,1,123418.10,35,6132.50,80,3353.80,1979,227.80,2752,142.30,42432,50.00,32944,20.00,13,24,25,43,50,51
1768,2017-12-06,LOTTO,5,49,24,18,17,7,39,0,0.00,1,75959.50,52,2540.50,80,2064.10,2510,110.50,2780,86.70,47893,50.00,29334,20.00,5,7,17,18,24,49
1769,2017-12-09,LOTTO,41,23,38,34,18,26,7,0,0.00,2,52474.50,67,2724.20,144,1584.40,2944,130.20,3798,87.70,48003,50.00,39486,20.00,18,23,26,34,38,41
1770,2017-12-13,LOTTO,47,25,12,8,32,35,52,0,0.00,1,88447.40,40,3845.50,72,2670.50,2248,143.70,2332,120.40,38689,50.00,24651,20.00,8,12,25,32,35,47
1771,2017-12-16,LOTTO,22,42,11,2,17,18,23,0,0.00,0,0.00,51,5184.50,125,1678.80,3273,107.70,4140,47.00,61101,50.00,42326,20.00,2,11,17,18,22,42
1772,2017-12-20,LOTTO,10,16,14,27,29,52,4,0,0.00,3,29179.10,30,5074.60,91,2091.10,1789,178.70,2911,95.50,36936,50.00,32189,20.00,10,14,16,27,29,52
1773,2017-12-23,LOTTO,19,39,6,41,8,24,12,0,0.00,0,0.00,62,7098.20,220,1587.60,3908,150.20,6641,76.80,76406,50.00,66973,20.00,6,8,19,24,39,41
1774,2017-12-27,LOTTO,48,3,42,49,20,10,31,0,0.00,6,16851.60,35,5024.20,98,2243.00,2239,164.80,2900,110.60,43058,50.00,31166,20.00,3,10,20,42,48,49
1775,2017-12-30,LOTTO,28,2,34,33,23,46,3,0,0.00,2,74137.80,66,3907.10,135,2387.70,3100,174.70,4400,107.00,63038,50.00,51277,20.00,2,23,28,33,34,46
1776,2018-01-03,LOTTO,24,37,3,35,31,43,39,0,0.00,2,61413.50,40,5340.30,117,2282.20,2689,166.80,3885,100.30,52772,50.00,39169,20.00,3,24,31,35,37,43
1777,2018-01-06,LOTTO,39,34,31,33,44,43,38,0,0.00,1,143815.10,89,2810.30,207,1510.30,3668,143.20,4673,97.70,65557,50.00,47141,20.00,31,33,34,39,43,44
1778,2018-01-10,LOTTO,23,49,31,45,41,47,19,0,0.00,1,141738.10,65,3792.30,196,1572.10,3050,169.80,4317,104.20,53530,50.00,47199,20.00,23,31,41,45,47,49
1779,2018-01-13,LOTTO,50,46,48,27,10,29,32,0,0.00,1,188574.20,55,5962.80,157,2611.10,3179,216.60,4738,126.30,66793,50.00,50922,20.00,10,27,29,46,48,50
1780,2018-01-17,LOTTO,41,28,18,24,30,12,47,0,0.00,2,74596.20,74,3506.30,165,1965.70,4041,134.80,4303,110.10,72223,50.00,46161,20.00,12,18,24,28,30,41
1781,2018-01-20,LOTTO,28,50,52,5,27,35,39,0,0.00,0,0.00,80,7242.10,180,2554.50,4030,191.70,5707,117.60,80203,50.00,61846,20.00,5,27,28,35,50,52
1782,2018-01-24,LOTTO,3,40,32,18,19,24,25,0,0.00,5,48794.00,138,3074.60,312,1699.90,6788,131.30,8758,88.40,128943,50.00,93320,20.00,3,18,19,24,32,40
1783,2018-01-27,LOTTO,48,7,24,21,6,15,16,4,27500000.00,8,44738.10,146,4263.30,446,1744.50,8844,147.80,12928,87.90,177909,50.00,137556,20.00,6,7,15,21,24,48
1784,2018-01-31,LOTTO,34,19,18,26,42,40,1,0,0.00,1,111290.70,45,4301.20,109,2219.70,2518,161.30,3177,111.10,50115,50.00,37105,20.00,18,19,26,34,40,42
1785,2018-02-03,LOTTO,7,44,21,6,50,16,28,0,0.00,2,66224.40,39,5906.30,137,2101.70,2906,166.50,3965,106.00,59169,50.00,44322,20.00,6,7,16,21,44,50
1786,2018-02-07,LOTTO,19,49,6,50,47,52,16,1,11083019.30,1,105451.50,48,3820.70,131,1749.90,2905,132.60,3019,110.90,43893,50.00,33429,20.00,6,19,47,49,50,52
1787,2018-02-10,LOTTO,1,41,16,17,18,52,38,0,0.00,2,60265.60,34,6165.30,122,2147.80,2541,173.20,3203,199.40,50946,50.00,36476,20.00,1,16,17,18,41,52
1788,2018-02-14,LOTTO,40,2,28,18,45,46,22,1,6606515.10,0,0.00,38,6315.80,108,1763.60,1598,200.30,2665,104.40,34067,50.00,29226,20.00,2,18,28,40,45,46
1789,2018-02-17,LOTTO,21,33,9,38,32,27,11,0,0.00,2,49738.30,60,2883.40,166,1302.80,2954,123.00,4263,74.10,51539,50.00,43954,20.00,9,21,27,32,33,38
1790,2018-02-21,LOTTO,49,17,36,26,1,14,32,0,0.00,0,0.00,36,6012.50,89,1930.10,1906,151.40,2271,110.40,35432,50.00,24186,20.00,1,14,17,26,36,49
1791,2018-02-24,LOTTO,29,15,31,12,11,6,8,0,0.00,1,110368.40,49,3917.30,140,1713.80,2884,139.70,4345,80.60,56292,50.00,45234,20.00,6,11,12,15,29,31
1792,2018-02-28,LOTTO,51,39,30,28,5,9,47,0,0.00,2,51960.60,35,5163.70,80,2823.90,1926,197.10,2355,140.00,40477,50.00,26522,20.00,5,9,28,30,39,51
1793,2018-03-03,LOTTO,42,36,40,22,19,8,30,1,16196222.60,2,58751.70,63,3243.70,126,2027.40,3309,129.70,3723,100.20,58958,50.00,40435,20.00,8,19,22,36,40,42
1794,2018-03-07,LOTTO,52,24,38,17,30,32,37,0,0.00,1,89701.90,28,5571.60,57,3421.00,1805,181.50,246,126.80,36027,50.00,26098,20.00,17,24,30,32,38,52
1795,2018-03-10,LOTTO,3,17,11,2,23,5,31,0,0.00,0,0.00,102,2196.80,147,1209.80,4590,65.10,3869,67.10,67745,50.00,36962,20.00,2,3,5,11,17,23
1796,2018-03-14,LOTTO,5,8,47,14,23,41,34,0,0.00,2,40161.10,36,3880.00,101,1728.80,1876,156.40,2432,104.80,33152,50.00,25793,20.00,5,8,14,23,41,47
1797,2018-03-17,LOTTO,21,42,44,40,26,6,49,0,0.00,1,106999.00,36,5169.00,91,2556.10,2017,193.70,2880,117.90,43137,50.00,31535,20.00,6,21,26,40,42,44
1798,2018-03-21,LOTTO,32,50,49,11,19,1,22,0,0.00,0,0.00,28,6559.00,85,1714.80,1530,160.10,2584,82.40,31603,50.00,27029,20.00,1,11,19,32,49,50
1799,2018-03-24,LOTTO,3,31,24,1,12,49,52,1,36000000.00,1,127925.10,58,3835.80,157,1771.30,3613,129.30,4069,99.80,66579,50.00,42993,20.00,1,3,12,24,31,49
1800,2018-03-28,LOTTO,1,22,26,6,17,18,30,0,0.00,1,69358.30,43,2805.30,110,1370.80,2253,112.40,3013,73.00,41404,50.00,28852,20.00,1,6,17,18,22,26
1801,2018-03-31,LOTTO,49,18,21,31,23,35,42,0,0.00,0,0.00,60,4470.50,101,2107.70,2552,141.80,3233,96.20,47519,50.00,32901,20.00,18,21,23,31,35,49
1802,2018-04-04,LOTTO,50,36,30,52,28,17,31,0,0.00,0,0.00,26,9133.50,78,2411.00,1655,190.90,2214,124.00,35539,50.00,24305,20.00,17,28,30,36,50,52
1803,2018-04-07,LOTTO,35,13,28,11,10,3,16,0,0.00,2,45545.70,54,2933.70,134,1477.80,2929,113.60,4012,72.00,56735,50.00,39087,20.00,3,10,11,13,28,35
1804,2018-04-11,LOTTO,35,10,24,33,2,46,5,0,0.00,0,0.00,29,7452.60,85,2018.00,1724,167.20,2652,94.50,33820,50.00,29104,20.00,2,10,24,33,35,46
1805,2018-04-14,LOTTO,26,31,40,46,18,36,22,0,0.00,1,102786.20,36,4965.50,128,1745.70,2396,156.60,3614,90.30,45241,50.00,37215,50.00,18,26,31,36,40,46
1806,2018-04-18,LOTTO,10,12,32,39,13,50,42,0,0.00,0,0.00,27,9214.60,62,3184.70,1552,213.80,2233,129.00,33066,50.00,25818,20.00,10,12,13,32,39,50
1807,2018-04-21,LOTTO,49,15,26,35,21,13,23,0,0.00,1,109546.30,48,3969.10,128,1860.50,2580,155.10,3858,90.10,51327,50.00,39430,20.00,13,15,21,26,35,49
1808,2018-04-25,LOTTO,43,44,7,37,51,13,10,0,0.00,1,101070.80,30,5859.10,83,2647.20,2030,181.80,2574,124.70,39655,50.00,28996,20.00,7,13,37,43,44,51
1809,2018-04-28,LOTTO,5,14,13,25,12,28,4,0,0.00,1,117965.10,71,2889.50,195,1315.10,3074,140.20,4922,76.10,58602,50.00,50178,20.00,5,12,13,14,25,28
1810,2018-05-02,LOTTO,49,5,36,22,15,47,52,0,0.00,0,0.00,29,10197.10,93,2523.60,2203,178.90,2872,119.20,45878,50.00,33543,20.00,5,15,22,36,47,49
1811,2018-05-05,LOTTO,19,11,50,35,49,45,6,0,0.00,0,0.00,59,8049.80,175,2153.90,3787,167.20,5277,104.30,73412,50.00,58446,20.00,11,19,35,45,49,50
1812,2018-05-09,LOTTO,10,5,36,48,11,12,14,0,0.00,0,0.00,47,7265.20,145,1869.00,3297,138.10,4352,90.90,64030,50.00,46178,20.00,5,10,11,12,36,48
1813,2018-05-12,LOTTO,28,6,39,26,38,19,17,1,58672133.92,1,148570.6,52,4968.90,170,1899.90,3626,149.70,5183,91.00,69813,50.00,56052,20.00,6,19,26,28,38,39
1814,2018-05-16,LOTTO,48,22,1,2,36,31,45,0,0.00,0,0.00,24,10154.10,67,2886.70,1646,197.30,2083,135.60,35588,50.00,24024,20.00,1,2,22,31,36,48
1815,2018-05-19,LOTTO,46,48,9,40,38,35,30,0,0.00,1,112868.30,45,4362.10,93,2638.30,2095,196.80,2737,130.90,41995,50.00,31560,20.00,9,35,38,40,46,48
1816,2018-05-23,LOTTO,23,5,49,31,11,24,25,0,0.00,0,0.00,38,5272.50,81,1963.10,2414,124.70,2541,91.30,38964,50.00,27202,20.00,5,11,23,24,31,49
1817,2018-05-26,LOTTO,14,28,8,16,45,13,36,0,0.00,1,123544.40,36,5968.30,134,2004.30,2497,180.70,3925,99.90,53807,50.00,40228,20.00,8,13,14,16,28,45
1818,2018-05-30,LOTTO,30,14,6,46,7,3,5,1,15413088.80,0,0.00,39,6116.70,141,1342.80,2383,133.50,4257,65.00,43767,50.00,40395,20.00,3,6,7,14,30,46
1819,2018-06-02,LOTTO,12,14,16,47,29,8,19,1,3805527.40,2,59950.10,45,4633.80,159,1639.30,2769,158.20,4629,82.20,55249,50.00,47619,20.00,8,12,14,16,29,47
1820,2018-06-06,LOTTO,2,10,48,15,6,27,43,0,0.00,1,86963.80,43,3517.30,79,2393.00,2417,131.40,2429,113.60,44842,50.00,26102,20.00,2,6,10,15,27,48
1821,2018-06-09,LOTTO,50,27,25,48,52,30,6,0,0.00,0,0.00,47,6775.30,85,2973.30,2279,186.30,2937,125.60,44474,50.00,35042,20.00,25,27,30,48,50,52
1822,2018-06-13,LOTTO,47,35,45,42,193,6,2,0,0.00,1,86376.00,28,5365.00,67,2802.60,1620,194.70,2278,120.40,33413,50.00,25704,20.00,6,35,42,45,47,193
1823,2018-06-16,LOTTO,48,44,45,46,17,22,31,0,0.00,2,51684.30,29,6199.00,87,2583.00,2489,151.70,2626,124.90,42976,50.00,29947,20.00,17,22,44,45,46,48
1824,2018-06-20,LOTTO,14,46,30,22,27,4,7,0,0.00,0,0.00,26,8010.90,114,1450.00,1668,166.40,3402,70.90,33007,50.00,33051,20.00,4,14,22,27,30,46
1825,2018-06-23,LOTTO,41,35,42,10,13,1,15,0,0.00,1,107709.50,29,6459.30,81,2890.80,2081,189.10,3079,111.10,42956,50.00,34926,20.00,1,10,13,35,41,42
1826,2018-06-27,LOTTO,6,2,40,4,39,37,52,0,0.00,1,89159.90,41,3782.00,66,2936.70,1830,117.90,2115,133.80,41396,50.00,25035,20.00,2,4,6,37,39,40
1827,2018-06-30,LOTTO,12,43,29,44,17,42,16,0,0.00,1,145401.60,53,4771.20,98,3225.40,2671,198.80,3668,125.80,55739,50.00,42458,20.00,12,17,29,42,43,44
1828,2018-07-04,LOTTO,7,6,36,31,17,1,50,0,0.00,0,0.00,47,5630.60,95,2210.90,2859,123.40,2842,107.90,55325,50.00,30760,20.00,1,6,7,17,31,36
1829,2018-07-07,LOTTO,28,27,34,16,42,6,43,0,0.00,1,136556.30,37,6418.60,119,2494.60,2895,172.30,3565,121.60,57005,50.00,38235,20.00,6,16,27,28,34,42
1830,2018-07-11,LOTTO,40,37,17,30,5,6,39,0,0.00,0,0.00,40,7074.00,78,2879.10,2279,165.50,2875,114.00,46243,50.00,30404,20.00,5,6,17,30,37,40
1831,2018-07-14,LOTTO,13,30,18,4,42,8,5,0,0.00,1,129443.30,56,4020.00,157,1792.40,3383,139.80,4717,87.10,64034,50.00,50547,20.00,4,8,13,18,30,42
1832,2018-07-18,LOTTO,46,21,12,26,17,8,11,0,0.00,0,0.00,39,6793.80,106,1983.80,2633,134.10,3616,84.90,48064,50.00,41103,20.00,8,12,17,21,26,46
1833,2018-07-21,LOTTO,16,5,14,13,17,19,3,1,47393252.50,0,0.00,87,3755.70,189,1372.10,4201,103.70,66097,62.10,68877,50.00,55647,20.00,5,13,14,16,17,19
1834,2018-07-25,LOTTO,48,27,2,18,23,6,43,0,0.00,0,0.00,47,5155.30,100,1922.90,2728,118.50,2857,98.30,47405,50.00,28004,20.00,2,6,18,23,27,48
1835,2018-07-28,LOTTO,33,45,46,23,27,29,4,0,0.00,0,0.00,42,8689.60,117,2475.70,2603,186.90,3559,118.80,53083,50.00,41771,20.00,23,27,29,33,45,46
1836,2018-08-01,LOTTO,24,8,49,2,27,18,10,0,0.00,1,99377.00,49,3527.10,134,1612.20,2974,122.00,3972,79.40,54804,50.00,42430,20.00,2,8,18,24,27,49
1837,2018-08-04,LOTTO,14,42,2,21,28,36,47,0,0.00,2,69792.00,71,3419.10,131,2316.40,4177,122.10,3558,124.50,58791,50.00,38077,20.00,2,14,21,28,36,42
1838,2018-08-08,LOTTO,11,14,48,13,41,20,34,0,0.00,2,48191.70,30,5587.40,116,1806.30,1969,178.70,2755,111.10,40460,50.00,29917,20.00,11,13,14,20,41,48
1839,2018-08-11,LOTTO,51,37,17,25,24,36,29,0,0.00,1,114954.90,41,4876.20,87,2872.40,2064,203.40,2924,124.80,44537,50.00,32932,20.00,17,24,25,36,37,51
1840,2018-08-15,LOTTO,16,5,25,13,36,50,33,0,0.00,0,0.00,42,5777.60,117,1646.00,2158,150.00,3137,89.60,40602,50.00,32557,20.00,5,13,16,25,36,50
1841,2018-08-18,LOTTO,18,1,31,36,29,35,46,0,0.00,1,114244.90,35,5676.70,89,2790.60,2491,167.50,3105,116.80,50993,50.00,33658,20.00,1,18,29,31,35,36
1842,2018-08-22,LOTTO,46,3,23,21,2,41,9,2,15326746.60,2,45481.60,42,3766.60,94,2103.60,1830,181.50,3091,93.40,37866,50.00,37881,20.00,2,3,21,23,41,46
1843,2018-08-25,LOTTO,9,23,20,14,10,18,11,0,0.00,2,47181.10,86,1908.20,194,1057.40,3402,101.30,4918,60.90,58369,50.00,47485,20.00,9,10,14,18,20,23
1844,2018-08-29,LOTTO,2,29,28,10,46,14,41,0,0.00,2,42640.90,36,4118.00,84,2206.10,1878,165.80,2253,120.10,39713,50.00,25347,20.00,2,10,14,28,29,46
1845,2018-09-01,LOTTO,1,29,26,14,11,25,20,0,0.00,0,0.00,59,5150.30,147,1640.60,3156,128.40,3998,88.00,55332,50.00,43833,20.00,1,11,14,25,26,29
1846,2018-09-05,LOTTO,1,7,22,15,31,29,6,0,0.00,1,82290.30,71,2015.70,131,1365.60,2695,111.50,3370,77.60,46210,50.00,34056,20.00,1,7,15,22,29,31
1847,2018-09-08,LOTTO,43,52,40,6,14,25,16,0,0.00,1,114717.80,40,4987.70,108,2309.10,2067,202.60,3059,119.00,40554,50.00,34287,20.00,6,14,25,40,43,52
1848,2018-09-12,LOTTO,33,13,39,4,9,18,29,0,0.00,2,36941.40,48,2676.90,124,1295.30,2370,113.90,2946,79.60,43138,50.00,29720,20.00,4,9,13,18,33,39
1849,2018-09-15,LOTTO,16,36,41,43,4,9,14,0,0.00,1,114089.60,49,4049.30,119,2084.20,2427,171.70,3678,98.40,48789,50.00,40159,20.00,4,9,16,36,41,43
1850,2018-09-19,LOTTO,21,29,14,19,7,39,26,1,23744139.50,0,0.00,49,4057.50,128,1232.70,2680,98.90,3112,74.10,46417,50.00,30936,20.00,7,14,19,21,29,39
1851,2018-09-22,LOTTO,4,30,36,43,44,52,38,0,0.00,2,55066.90,18,10640.90,61,3924.90,1716,234.40,2557,136.70,38148,50.00,28994,20.00,4,30,36,43,44,52
1852,2018-09-26,LOTTO,3,37,29,1,40,41,25,0,0.00,0,0.00,21,20953.00,81,2254.00,1543,199.00,2148,124.00,33087,50.00,25439,20.00,1,3,29,37,40,41
1853,2018-09-29,LOTTO,20,51,26,23,41,42,16,0,0.00,0,0.00,25,13641.00,99,2734.00,2183,208.00,3245,122.00,45034,50.00,38446,20.00,20,23,26,41,42,51
1854,2018-10-03,LOTTO,49,43,3,35,44,37,1,0,0.00,1,123190.00,45,4761.00,113,2370.00,2330,193.00,3095,126.00,48714,50.00,36534,20.00,3,35,37,43,44,49
1855,2018-10-06,LOTTO,3,27,41,40,44,19,31,0,0.00,1,133127.00,50,4631.00,127,2279.00,3052,159.00,3939,107.00,60495,50.00,42348,20.00,3,19,27,40,41,44
1856,2018-10-10,LOTTO,47,51,32,14,49,22,46,0,0.00,0,0.00,39,84761.00,95,2762.00,2183,202.00,3199,120.00,44314,50.00,33915,20.00,14,22,32,47,49,51
1857,2018-10-13,LOTTO,47,29,23,22,49,15,37,0,0.00,1,136882.00,58,4104.00,115,2588.00,2739,183.00,3767,115.00,56734,50.00,42341,20.00,15,22,23,29,47,49
1858,2018-10-17,LOTTO,11,40,38,48,17,44,29,0,0.00,0,0.00,54,6058.00,132,1967.00,2898,151.00,3658,104.00,54809,50.00,38513,20.00,11,17,38,40,44,48
1859,2018-10-20,LOTTO,8,39,47,18,45,9,36,0,0.00,3,46654.00,52,4681.00,182,1672.00,3055,157.00,4991,89.00,60520,50.00,48561,20.00,8,9,18,39,45,47
1860,2018-10-24,LOTTO,20,32,2,18,34,22,46,1,569991777.00,1,106040.00,87,2120.00,174,1325.00,3139,123.00,3344,101.00,53501,50.00,33948,20.00,2,18,20,22,32,34
1861,2018-10-27,LOTTO,9,16,41,44,33,13,11,0,0.00,0,0.00,74,4403.00,150,1724.00,2964,147.00,4601,82.00,55745,50.00,50981,20.00,9,13,16,33,41,44
1862,2018-10-31,LOTTO,23,17,6,18,47,33,16,0,0.00,0,0.00,43,6149.00,109,1925.00,2500,141.00,3433,89.00,49183,50.00,36220,20.00,6,17,18,23,33,47
1863,2018-11-03,LOTTO,49,37,33,45,11,41,26,0,0.00,0,0.00,91,4088.00,138,2139.00,3558,139.00,4051,106.00,63635,50.00,43334,20.00,11,33,37,41,45,49
1864,2018-11-07,LOTTO,29,8,2,47,35,42,18,0,0.00,1,114302.00,45,4418.00,143,1738.00,2315,180.00,3721,98.00,45186,50.00,39804,20.00,2,8,29,35,42,47
1865,2018-11-10,LOTTO,41,9,8,42,5,33,20,0,0.00,0,0.00,55,6315.00,146,1888.00,2891,160.00,4259,95.00,59711,50.00,47915,20.00,5,8,9,33,41,42
1866,2018-11-14,LOTTO,32,36,12,26,27,18,33,0,0.00,2,47036.00,31,5278.00,103,1986.00,2713,127.00,3349,89.00,49322,50.00,35201,20.00,12,18,26,27,32,36
1867,2018-11-17,LOTTO,33,18,6,14,28,44,32,0,0.00,0,0.00,49,6898.00,130,2064.00,3181,142.00,3809,103.00,60322,50.00,43851,20.00,6,14,18,28,33,44
1868,2018-11-21,LOTTO,10,36,27,22,46,52,39,0,0.00,1,103718.00,44,4100.00,103,2189.00,2208,172.00,3094,106.00,43927,50.00,31576,20.00,10,22,27,36,46,52
1869,2018-11-24,LOTTO,51,27,11,6,34,22,19,0,0.00,3,42448.00,66,3356.00,183,1513.00,3613,129.00,5466,74.00,63946,50.00,55087,20.00,6,11,22,27,34,51
1870,2108-11-28,LOTTO,4,20,2,40,45,38,24,0,0.00,1,104023.00,41,4412.00,100,2261.00,2107,180.00,2989,111.00,42952,50.00,33379,20.00,2,4,20,38,40,45
1871,2018-12-01,LOTTO,29,16,1,49,45,19,10,0,0.00,3,40570.00,49,4320.00,136,1946.00,2967,150.00,4436,87.00,56665,50.00,44959,20.00,1,16,19,29,45,49
1872,2018-12-05,LOTTO,11,8,25,2,26,28,44,0,0.00,3,31512.00,48,3425.00,106,1939.00,2787,124.00,2934,102.00,49669,50.00,32098,20.00,2,8,11,25,26,28
1873,2018-12-08,LOTTO,3,29,27,21,7,12,39,1,46397149.00,1,100635.00,124,1411.00,175,1250.00,4647,79.00,4509,71.00,68858,50.00,41924,20.00,3,7,12,21,27,29
1874,2018-12-12,LOTTO,38,50,24,37,6,34,40,0,0.00,1,80950.00,22,6399.00,61,2885.00,1545,191.00,2185,118.00,31735,50.00,23715,20.00,6,24,34,37,38,50
1875,2018-12-15,LOTTO,17,43,50,32,51,16,23,0,0.00,0,0.00,38,7927.00,109,2193.00,1873,215.00,3132,112.00,37376,50.00,34294,20.00,16,17,32,43,50,51
1876,2018-12-19,LOTTO,52,19,38,33,14,45,51,1,8745800.00,1,84626.00,29,5075.00,62,2967.00,1982,156.00,2116,127.00,34483,50.00,23573,20.00,14,19,33,38,45,52
1877,2018-12-22,LOTTO,39,24,45,2,19,51,40,1,3408447.00,2,53695.00,30,6226.00,76,3072.00,2119,185.00,2742,124.00,42577,50.00,30891,20.00,2,19,24,39,45,51
1878,2018-12-26,LOTTO,15,12,6,20,29,1,26,1,1660072.00,0,0.00,29,4940.00,83,1370.00,1676,114.00,2316,72.00,28809,50.00,22501,20.00,1,6,12,15,20,29
1879,2018-12-29,LOTTO,9,15,50,07,52,51,33,1,3247902.50,1,102331.20,69,2579.20,110,2022.30,2761,135.30,3339,97.30,46248,50.00,35544,20.00,7,9,15,50,51,52
1880,2019-01-02,LOTTO,4,14,12,8,27,40,24,0,0,0,0,32,5800.10,126,1169.10,2091,118.40,3100,69.30,37131,50.00,28050,20.00,4,8,12,14,27,40
1881,2019-01-05,LOTTO,39,27,35,14,25,05,01,0,0,1,97070.90,57,2961.80,123,1715.60,2208,160.60,3197,96.40,44332,50.00,35564,20.00,5,14,25,27,35,39
1882,2019-01-09,LOTTO,26,43,8,15,32,3,46,0,0,3,26742.10,36,3875.60,65,2683.20,1970,148.70,2006,126.90,36170,50.00,22169,20.00,3,8,15,26,32,43
1883,2019-01-12,LOTTO,21,16,4,11,46,18,12,0,0,0,0,54,4545.80,149,1307.50,2783,117.60,70.60,51680,50.00,41061,20.00,4,11,16,18,21,46
1884,2019-01-16,LOTTO,52,33,44,49,48,19,9,0,0,0,0,33,6601.40,95,1820.00,2267,128.10,2944,85.70,39055,50.00,31180,20.00,19,33,44,48,49,52
1885,2019-01-19,LOTTO,7,2,39,24,46,17,27,0,0,1,101895.00,43,4121.20,125,1772.10,2632,141.40,4107,78.80,48813,50.00,41860,20.00,2,7,17,24,39,46
1886,2019-01-23,LOTTO,3,5,28,38,32,24,40,0,0,0,0,34,6530.50,81,2175.60,1850,160.00,2462,104.40,36822,50.00,26487,20.00,3,5,24,28,32,38
1887,2019-01-26,LOTTO,11,45,29,40,7,23,14,0,0,1,116556.90,69,2937.80,125,2027.00,3182,133.80,4121,89.80,60385,50.00,43042,20.00,7,11,23,29,40,45
1888,2019-01-30,LOTTO,21,23,38,44,48,26,36,0,0,0,0,47,5894.70,80,2748.60,2176,169.80,2741,117.10,40734,50.00,30904,20.00,21,23,26,38,44,48
1889,2019-02-02,LOTTO,32,19,6,1,28,48,40,0,0,1,138899.30,61,3960.10,151,1999.70,3353,151.30,4269,103.30,64576,50.00,45125,20.00,1,6,19,28,32,48
1890,2019-02-06,LOTTO,13,36,45,29,32,7,27,0,0,1,105424.40,35,5238.40,137,1672.90,2433,158.20,3563,93.90,46665,50.00,38773,20.00,7,13,29,32,36,45
1891,2019-02-09,LOTTO,40,17,6,49,10,31,24,1,37720995.40,1,129281.10,54,4163.70,126,2230.50,2948,160.20,4257,96.40,57232,50.00,44219,20.00,6,10,17,31,40,49
1892,2019-02-13,LOTTO,14,32,26,46,28,29,51,1,3002799.50,0,0,34,7621.90,63,3264.60,1780,194.10,2005,149.70,35776,50.00,22182,20.00,14,26,28,29,32,46,51
1893,2019-02-16,LOTTO,10,39,25,47,29,17,27,0,0,1,119765.80,56,3719.40,119,2187.90,2754,158.80,3755,100.90,50757,50.00,44034,20.00,10,17,25,29,39,47
1894,2019-02-20,LOTTO,16,52,21,30,16,27,35,0,0,2,45489.80,36,4395.20,93,2126.70,2186,152.00,2619,110.30,40333,50.00,30313,20.00,06,16,21,27,30,52
1895,2019-02-23,LOTTO,13,02,03,52,25,40,38,0,0,0,0,33,9306.30,89,2738.60,2222,184.30,2728,130.50,46793,50.00,31986,20.00,02,03,13,25,40,52
1896,2019-02-27,LOTTO,17,36,15,38,33,18,20,0,0,1,89258.10,37,4795.40,111,1748.10,2024,161.10,3320,85.30,43230,50.00,35474,20.00,15,17,18,33,36,38
1897,2019-03-02,LOTTO,35,20,16,34,17,29,06,0,0,2,57546.90,45,4448.10,134,1867.20,2670,157.40,3933,92.90,54622,50.00,45530,20.00,16,17,20,29,34,35
1898,2019-03-06,LOTTO,24,06,30,16,46,23,43,0,0,0,0,47,5318.30,88,2254.30,2569,129.70,2471,117.20,45369,50.00,26456,20.00,06,16,23,24,30,46
1899,2019-03-09,LOTTO,48,32,24,49,36,20,22,0,0,2,55462.40,48,4019.00,123,1960.50,3192,126.90,3264,108.80,48857,50.00,37195,20.00,20,24,32,36,48,49
1900,2019-03-13,LOTTO,48,16,45,46,12,43,33,0,0,2,43338.30,31,4862.60,78,2415.70,1825,173.50,2208,124.70,31952,50.00,25981,20.00,12,16,43,45,46,48
1901,2019-03-16,LOTTO,12,51,02,47,34,31,06,0,0,0,0,20,14580.30,94,2462.10,1766,220.20,2803,120.50,36399,50.00,32383,20.00,02,12,31,34,47,51
1902,2019-03-20,LOTTO,42,50,12,47,35,37,29,0,0,1,82870.40,23,6266.20,76,2370.40,1451,208.60,1880,139.90,29255,50.00,21575,20.00,12,35,37,42,47,50
1903,2019-03-23,LOTTO,34,40,33,02,38,46,21,0,0,1,99612.20,26,6663.00,82,2640.90,1784,203.90,2765,114.40,38275,50.00,31210,20.00,02,33,34,38,40,46
1904,2019-03-27,LOTTO,52,05,11,24,46,17,38,0,0,0,0,38,6282.50,103,1839.50,2065,154.10,2627,105.30,40324,50.00,292225,20.00,05,11,17,24,46,52
1905,2019-03-30,LOTTO,28,22,16,37,36,10,42,0,0,1,111191.30,42,4604.20,123,1965.20,2475,164.10,3322,106.20,49914,50.00,34778,20.00,10,16,22,28,36,37
1906,2019-04-03,LOTTO,51,32,49,45,29,26,22,0,0,1,105401.90,32,5728.40,94,2437.60,1754,2019.50,2837,117.90,36141,50.00,30998,20.00,26,29,32,45,49,51
1907,2019-04-06,LOTTO,29,23,13,43,25,14,39,0,0,2,57465.80,39,5125.20,112,2230.80,2334,179.80,3068,118.90,47728,50.00,33680,20.00,13,14,23,25,29,43
1908,2019-04-10,LOTTO,06,01,47,13,18,36,34,0,0,0,0,33,7178.40,93,2021.60,2149,147.00,2675,102.60,41243,50.00,28733,20.00,01,06,13,18,36,47
1909,2019-04-13,LOTTO,39,22,34,46,13,16,37,0,0,0,0,63,4676.30,109,2145.10,2705,145.20,3105,110.00,47783,50.00,38840,20.00,13,16,22,34,39,46
1910,2019-04-17,LOTTO,42,38,01,19,51,50,21,0,0,0,0,27,9972.30,75,2849.20,1804,199.00,2458,126.90,36863,50.00,28747,20.00,01,19,38,42,50,51
1911,2019-04-20,LOTTO,30,39,05,16,10,33,13,0,0,0,0,57,4528.50,112,1829.20,2551,134.90,3349,89.30,46521,50.00,34823,20.00,05,10,16,30,33,39
1912,2019-04-24,LOTTO,04,52,01,50,08,28,45,0,0,4,21516.60,34,4402.40,76,2461.80,1960,160.40,2173,125.70,37184,50.00,24241,20.00,01,01,08,28,50,52
1913,2019-04-27,LOTTO,04,19,21,43,44,51,13,0,0,0,0,34,10375.40,120,2333.10,2363,199.10,4073,100.40,51847,50.00,46196,20.00,04,19,21,43,44,51
1914,2019-05-01,LOTTO,10,06,30,02,42,45,35,0,0,1,117202.80,37,5509.00,111,2295.40,2416,177.10,3326,111.80,50703,50.00,35775,20.00,02,06,10,30,42,45
1915,2019-05-04,LOTTO,03,27,50,34,41,32,16,1,79874757.50,0,0,30,14023.20,113,2954.70,2786,201.40,4068,119.80,58440,50.00,47408,20.00,03,27,32,34,41,50
1916,2019-05-08,LOTTO,50,01,27,28,31,37,14,0,0,0,0,23,9015.10,57,2887.10,1145,241.40,1628,147.70,25899,50.00,20748,20.00,01,27,28,31,37,50