DRAW,DATE,GAME,AB1,AB2,AB3,AB4,AB5,AB6,BB,WIN1,DIV1,WIN2,DIV2,WIN3,DIV3,WIN4,DIV4,WIN5,DIV5,WIN6,DIV6,WIN7,DIV7,WIN8,DIV8,WIN9,DIV9
1851,2018-09-22,LOTTO,4,30,36,43,44,52,38,0,0,2,55066.90,18,10640.90,61,3924.90,1716,234.40,2557,136.70,38148,50.00,28994,20.00
1850,2018-09-19,LOTTO,21,29,14,19,7,39,26,1,23744139.50,0,0,49,4057.50,128,1232.70,2680,98.90,3112,74.10,46417,50.00,30936,20.00
1849,2018-09-15,LOTTO,16,36,41,43,4,9,14,0,0,1,114089.60,49,4049.30,119,2084.20,2427,171.70,3678,98.40,48789,50.00,40159,20.00
1848,2018-09-12,LOTTO,33,13,39,04,09,18,29,0,0,2,36941.40,48,2676.90,124,1295.30,2370,113.90,2946,79.60,43138,50.00,29720,20.00
1847,2018-09-08,LOTTO,43,52,40,6,14,25,16,0,0,1,114717.80,40,4987.70,108,2309.10,2067,202.60,3059,119.00,40554,50.00,34287,20.00
1846,2018-09-05,LOTTO,1,7,22,15,31,29,6,0,0,1,82290.30,71,2015.70,131,1365.60,2695,111.50,3370,77.60,46210,50.00,34056,20.00
1845,2018-09-01,LOTTO,1,29,26,14,11,25,20,0,0,0,0,59,5150.30,147,1640.60,3156,128.40,3998,88.00,55332,50.00,43833,20.00
1844,2018-08-29,LOTTO,2,29,28,10,46,14,41,0,0,2,42640.90,36,4118.00,84,2206.10,1878,165.80,2253,120.10,39713,50.00,25347,20.00
1843,2018-08-25,LOTTO,9,23,20,14,10,18,11,0,0,2,47181.10,86,1908.20,194,1057.40,3402,101.30,4918,60.90,58369,50.00,47485,20.00
1842,2018-08-22,LOTTO,46,3,23,21,2,41,9,2,15326746.60,2,45481.60,42,3766.60,94,2103.60,1830,181.50,3091,93.40,37866,50.00,37881,20.00
1841,2018-08-18,LOTTO,18,1,31,36,29,35,46,0,0,1,114244.90,35,5676.70,89,2790.60,2491,167.50,3105,116.80,50993,50.00,33658,20.00
1840,2018-08-15,LOTTO,16,5,25,13,36,50,33,0,0,0,0,42,5777.60,117,1646.00,2158,150.00,3137,89.60,40602,50.00,32557,20.00
1839,2018-08-11,LOTTO,51,37,17,25,24,36,29,0,0,1,114954.90,41,4876.20,87,2872.40,2064,203.40,2924,124.80,44537,50.00,32932,20.00
1838,2018-08-08,LOTTO,11,14,48,13,41,20,34,0,0,2,48191.70,30,5587.40,116,1806.30,1969,178.70,2755,111.10,40460,50.00,29917,20.00
1837,2018-08-04,LOTTO,14,42,2,21,28,36,47,0,0,2,69792.00,71,3419.10,131,2316.40,4177,122.10,3558,124.50,58791,50.00,38077,20.00
1836,2018-08-01,LOTTO,24,8,49,2,27,18,10,0,0,1,99377.00,49,3527.10,134,1612.20,2974,122.00,3972,79.40,54804,50.00,42430,20.00
1835,2018-07-28,LOTTO,33,45,46,23,27,29,4,0,0,0,0,42,8689.60,117,2475.70,2603,186.90,3559,118.80,53083,50.00,41771,20.00
1834,2018-07-25,LOTTO,48,27,2,18,23,6,43,0,0,0,0,47,5155.30,100,1922.90,2728,118.50,2857,98.30,47405,50.00,28004,20.00
1833,2018-07-21,LOTTO,16,5,14,13,17,19,3,1,47393252.50,0,0,87,3755.70,189,1372.10,4201,103.70,66097,62.10,68877,50.00,55647,20.00
1832,2018-07-18,LOTTO,46,21,12,26,17,8,11,0,0,0,0,39,6793.80,106,1983.80,2633,134.10,3616,84.90,48064,50.00,41103,20.00
1831,2018-07-14,LOTTO,13,30,18,4,42,8,5,0,0,1,129443.30,56,4020.00,157,1792.40,3383,139.80,4717,87.10,64034,50.00,50547,20.00
1830,2018-07-11,LOTTO,40,37,17,30,5,6,39,0,0,0,0,40,7074.00,78,2879.10,2279,165.50,2875,114.00,46243,50.00,30404,20.00
1829,2018-07-07,LOTTO,28,27,34,16,42,6,43,0,0,1,136556.30,37,6418.60,119,2494.60,2895,172.30,3565,121.60,57005,50.00,38235,20.00
1828,2018-07-04,LOTTO,7,6,36,31,17,1,50,0,0,0,0,47,5630.60,95,2210.90,2859,123.40,2842,107.90,55325,50.00,30760,20.00
1827,2018-06-30,LOTTO,12,43,29,44,17,42,16,0,0,1,145401.60,53,4771.20,98,3225.40,2671,198.80,3668,125.80,55739,50.00,42458,20.00
1826,2018-06-27,LOTTO,6,2,40,4,39,37,52,0,0,1,89159.90,41,3782.00,66,2936.70,1830,117.90,2115,133.80,41396,50.00,25035,20.00
1825,2018-06-23,LOTTO,41,35,42,10,13,1,15,0,0,1,107709.50,29,6459.30,81,2890.80,2081,189.10,3079,111.10,42956,50.00,34926,20.00
1824,2018-06-20,LOTTO,14,46,30,22,27,4,7,0,0,0,0,26,8010.90,114,1450.00,1668,166.40,3402,70.90,33007,50.00,33051,20.00
1823,2018-06-16,LOTTO,48,44,45,46,17,22,31,0,0,2,51684.30,29,6199.00,87,2583.00,2489,151.70,2626,124.90,42976,50.00,29947,20.00
1822,2018-06-13,LOTTO,47,35,45,42,193,6,2,0,0,1,86376.00,28,5365.00,67,2802.60,1620,194.70,2278,120.40,33413,50.00,25704,20.00
1821,2018-06-09,LOTTO,50,27,25,48,52,30,6,0,0,0,0,47,6775.30,85,2973.30,2279,186.30,2937,125.60,44474,50.00,35042,20.00
1820,2018-06-06,LOTTO,2,10,48,15,6,27,43,0,0,1,86963.80,43,3517.30,79,2393.00,2417,131.40,2429,113.60,44842,50.00,26102,20.00
1819,2018-06-02,LOTTO,12,14,16,47,29,8,19,1,3805527.40,2,59950.10,45,4633.80,159,1639.30,2769,158.20,4629,82.20,55249,50.00,47619,20.00
1818,2018-05-30,LOTTO,30,14,6,46,7,3,5,1,15413088.80,0,0,39,6116.70,141,1342.80,2383,133.50,4257,65.00,43767,50.00,40395,20.00
1817,2018-05-26,LOTTO,14,28,8,16,45,13,36,0,0,1,123544.40,36,5968.30,134,2004.30,2497,180.70,3925,99.90,53807,50.00,40228,20.00
1816,2018-05-23,LOTTO,23,5,49,31,11,24,25,0,0,0,0,38,5272.50,81,1963.10,2414,124.70,2541,91.30,38964,50.00,27202,20.00
1815,2018-05-19,LOTTO,46,48,9,40,38,35,30,0,0,1,112868.30,45,4362.10,93,2638.30,2095,196.80,2737,130.90,41995,50.00,31560,20.00
1814,2018-05-16,LOTTO,48,22,1,2,36,31,45,0,0,0,0,24,10154.10,67,2886.70,1646,197.30,2083,135.60,35588,50.00,24024,20.00
1813,2018-05-12,LOTTO,28,6,39,26,38,19,17,1,58672133.92,1,148570.60,52,4968.90,170,1899.90,3626,149.70,5183,91.00,69813,50.00,56052,20.00
1812,2018-05-09,LOTTO,10,5,36,48,11,12,14,0,0,0,0,47,7265.20,145,1869.00,3297,138.10,4352,90.90,64030,50.00,46178,20.00
1811,2018-05-05,LOTTO,19,11,50,35,49,45,6,0,0,0,0,59,8049.80,175,2153.90,3787,167.20,5277,104.30,73412,50.00,58446,20.00
1810,2018-05-02,LOTTO,49,5,36,22,15,47,52,0,0,0,0,29,10197.10,93,2523.60,2203,178.90,2872,119.20,45878,50.00,33543,20.00
1809,2018-04-28,LOTTO,5,14,13,25,12,28,4,0,0,1,117965.10,71,2889.50,195,1315.10,3074,140.20,4922,76.10,58602,50.00,50178,20.00
1808,2018-04-25,LOTTO,43,44,7,37,51,13,10,0,0,1,101070.80,30,5859.10,83,2647.20,2030,181.80,2574,124.70,39655,50.00,28996,20.00
1807,2018-04-21,LOTTO,49,15,26,35,21,13,23,0,0,1,109546.30,48,3969.10,128,1860.50,2580,155.10,3858,90.10,51327,50.00,39430,20.00
1806,2018-04-18,LOTTO,10,12,32,39,13,50,42,0,0,0,0,27,9214.60,62,3184.70,1552,213.80,2233,129.00,33066,50.00,25818,20.00
1805,2018-04-14,LOTTO,26,31,40,46,18,36,22,0,0,1,102786.20,36,4965.50,128,1745.70,2396,156.60,3614,90.30,45241,50.00,37215,50.00
1804,2018-04-11,LOTTO,35,10,24,33,2,46,5,0,0,0,0,29,7452.60,85,2018.00,1724,167.20,2652,94.50,33820,50.00,29104,20.00
1803,2018-04-07,LOTTO,35,13,28,11,10,3,16,0,0,2,45545.70,54,2933.70,134,1477.80,2929,113.60,4012,72.00,56735.50,39087,20.00
1802,2018-04-04,LOTTO,50,36,30,52,28,17,31,0,0,0,0,26,9133.50,78,2411.00,1655,190.90,2214,124.00,35539,50.00,24305,20.00
1801,2018-03-31,LOTTO,49,18,21,31,23,35,42,0,0,0,0,60,4470.50,101,2107.70,2552,141.80,3233,96.20,47519,50.00,32901,20.00
1800,2018-03-28,LOTTO,1,22,26,6,17,18,30,0,0,1,69358.30,43,2805.30,110,1370.80,2253,112.40,3013,73.00,41404,50.00,28852,20.00
1799,2018-03-24,LOTTO,3,31,24,1,12,49,52,1,36000000.00,1,127925.10,58,3835.80,157,1771.30,3613,129.30,4069,99.80,66579,50.00,42993,20.00
1798,2018-03-21,LOTTO,32,50,49,11,19,1,22,0,0,0,0,28,6559.00,85,1714.80,1530,160.10,2584,82.40,31603,50.00,27029,20.00
1797,2018-03-17,LOTTO,21,42,44,40,26,6,49,0,0,1,106999.00,36,5169.00,91,2556.10,2017,193.70,2880,117.90,43137,50.00,31535,20.00
1796,2018-03-14,LOTTO,5,8,47,14,23,41,34,0,0,2,40161.10,36,3880.30,101,1728.80,1876,156.40,2432,104.80,33152,50.00,25793,20.00
1795,2018-03-10,LOTTO,3,17,11,2,23,5,31,0,0,0,0,102,2196.80,147,1209.80,4590,65.10,3869,67.10,67745,50.00,36962,20.00
1794,2018-03-07,LOTTO,52,24,38,17,30,32,37,0,0,1,89701.90,28,5571.60,57,3421.00,1805,181.50,246,126.80,36027,50.00,26098,20.00
1793,2018-03-03,LOTTO,42,36,40,22,19,8,30,1,16196222.60,2,58751.70,63,3243.70,126,2027.40,3309,129.70,3723,100.20,58958,50.00,40435,20.00
1792,2018-02-28,LOTTO,51,39,30,28,5,9,47,0,0,2,51960.60,35,5163.70,80,2823.90,1926,197.10,2355,140.00,40477,50.00,26522,20.00
1791,2018-02-24,LOTTO,29,15,31,12,11,6,8,0,0,1,110368.40,49,3917.30,140,1713.80,2884,139.70,4345,80.60,56292,50.00,45234,20.00
1790,2018-02-21,LOTTO,49,17,36,26,1,14,32,0,0,0,0,36,6012.50,89,1930.10,1906,151.40,2271,110.40,35432,50.00,24186,20.00
1789,2018-02-17,LOTTO,21,33,9,38,32,27,11,0,0,2,49738.30,60,2883.40,166,1302.80,2954,123.00,4263,74.10,51539,50.00,43954,20.00
1788,2018-02-14,LOTTO,40,2,28,18,45,46,22,1,6606515.10,0,0,38,6315.80,108,1763.60,1598,200.30,2665,104.40,34067,50.00,29226,20.00
1787,2018-02-10,LOTTO,1,41,16,17,18,52,38,0,0,2,60265.60,34,6165.30,122,2147.80,2541,173.20,3203,199.40,50946,50.00,36476,20.00
1786,2018-02-07,LOTTO,19,49,6,50,47,52,16,1,11083019.30,1,105451.50,48,3820.70,131,1749.90,2905,132.60,3019,110.90,43893,50.00,33429,20.00
1785,2018-02-03,LOTTO,7,44,21,6,50,16,28,0,0,2,66224.40,39,5906.30,137,2101.70,2906,166.50,3965,106.00,59169,50.00,44322,20.00
1784,2018-01-31,LOTTO,34,19,18,26,42,40,1,0,0,1,111290.70,45,4301.20,109,2219.70,2518,161.30,3177,111.10,50115,50.00,37105,20.00
1783,2018-01-27,LOTTO,48,7,24,21,6,15,16,4,27500000.00,8,44738.10,146,4263.30,446,1744.50,8844,147.80,12928,87.90,177909,50.00,137556,20.00
1782,2018-01-24,LOTTO,3,40,32,18,19,24,25,0,0,5,48794.00,138,3074.60,312,1699.90,6788,131.30,8758,88.40,128943,50.00,93320,20.00
1781,2018-01-20,LOTTO,28,50,52,5,27,35,39,0,0,0,0,80,7242.10,180,2554.50,4030,191.70,5707,117.60,80203,50.00,61846,20.00
1780,2018-01-17,LOTTO,41,28,18,24,30,12,47,0,0,2,74596.20,74,3506.30,165,1965.70,4041,134.80,4303,110.10,72223,50.00,46161,20.00
1779,2018-01-13,LOTTO,50,46,48,27,10,29,32,0,0,1,188574.20,55,5962.80,157,2611.10,3179,216.60,4738,126.30,66793,50.00,50922,20.00
1778,2018-01-10,LOTTO,23,49,31,45,41,47,19,0,0,1,141738.10,65,3792.30,196,1572.10,3050,169.80,4317,104.20,53530,50.00,47199,20.00
1777,2018-01-06,LOTTO,39,34,31,33,44,43,38,0,0,1,143815.10,89,2810.30,207,1510.30,3668,143.20,4673,97.70,65557,50.00,47141,20.00
1776,2018-01-03,LOTTO,24,37,3,35,31,43,39,0,0,2,61413.50,40,5340.30,117,2282.20,2689,166.80,3885,100.30,52772,50.00,39169,20.00
1775,2017-12-30,LOTTO,28,2,34,33,23,46,3,0,0,2,74137.80,66,3907.10,135,2387.70,3100,174.70,4400,107.00,63038,50.00,51277,20.00
1774,2017-12-27,LOTTO,48,3,42,49,20,10,31,0,0,6,16851.60,35,5024.20,98,2243.00,2239,164.80,2900,110.60,43058,50.00,31166,20.00
1773,2017-12-23,LOTTO,19,39,6,41,8,24,12,0,0,0,0,62,7098.20,220,1587.60,3908,150.20,6641,76.80,76406,50.00,66973,20.00
1772,2017-12-20,LOTTO,10,16,14,27,29,52,4,0,0,3,29179.10,30,5074.60,91,2091.10,1789,178.70,2911,95.50,36936,50.00,32189,20.00
1771,2017-12-16,LOTTO,22,42,11,2,17,18,23,0,0,0,0,51,5184.50,125,1678.80,3273,107.70,4140,47.00,61101,50.00,42326,20.00
1770,2017-12-13,LOTTO,47,25,12,8,32,35,52,0,0,1,88447.40,40,3845.50,72,2670.50,2248,143.70,2332,120.40,38689,50.00,24651,20.00
1769,2017-12-09,LOTTO,41,23,38,34,18,26,7,0,0,2,52474.50,67,2724.20,144,1584.40,2944,130.20,3798,87.70,48003,50.00,39486,20.00
1768,2017-12-06,LOTTO,5,49,24,18,17,7,39,0,0,1,75959.50,52,2540.50,80,2064.10,2510,110.50,2780,86.70,47893,50.00,29334,20.00
1767,2017-12-02,LOTTO,51,24,43,13,50,25,28,0,0,1,123418.10,35,6132.50,80,3353.80,1979,227.80,2752,142.30,42432,50.00,32944,20.00
1766,2017-11-29,LOTTO,32,41,20,39,26,34,10,0,0,0,0,37,6842.00,100,2009.10,1952,172.90,2783,105.40,38842,50.00,31063,20.00
1765,2017-11-25,LOTTO,44,35,7,2,25,51,29,0,0,2,52259.40,38,4783.50,86,2642.10,2294,166.40,2952,112.40,44456,50.00,32318,20.00
1764,2017-11-22,LOTTO,48,3,29,25,26,16,45,0,0,1,69940.90,26,4678.40,51,2981.20,1557,164.10,1661,133.70,30224,50.00,18876,20.00
1763,2017-11-18,LOTTO,3,52,39,36,43,38,47,0,0,0,0,29,9512.20,81,2702.90,1707,215.50,2336,136.80,36222,50.00,27388,20.00
1762,2017-11-15,LOTTO,22,37,2,49,42,36,16,0,0,0,0,29,7133.90,75,2189.30,1439,191.70,2400,99.90,30529,50.00,24334,20.00
1761,2017-11-11,LOTTO,28,3,30,21,46,51,42,1,6251034.20,0,0,31,9384.40,84,2748.60,1780,217.90,2510,134.30,38026,50.00,28700,20.00
1760,2017-11-08,LOTTO,24,47,39,51,1,38,31,0,0,1,90743.10,21,7515.00,45,4383.70,1362,243.20,1706,168.70,28314,50.00,22293,20.00
1759,2017-11-04,LOTTO,11,5,38,25,49,32,41,1,50795986.30,1,155689.80,90,3008.50,155,2183.60,4059,140.10,4780,103.40,73709,50.00,50276,20.00
1758,2017-11-01,LOTTO,28,12,3,47,42,43,23,0,0,0,0,43,8699.80,112,2650.90,2407,207.20,3857,112.40,50667,50.00,43929,20.00
1757,2017-10-28,LOTTO,46,6,19,38,45,1,50,0,0,0,0,58,6860.50,122,2588.50,3310,160.30,3695,124.80,63908,50.00,40829,20.00
1756,2017-10-25,LOTTO,18,5,39,14,52,32,17,0,0,0,0,50,6750.10,98,2733.30,2391,188.20,3172,123.30,48448,50.00,39087,20.00
1755,2017-10-21,LOTTO,37,36,20,23,442,7,24,0,0,1,127465.70,42,5278.10,141,1965.20,2757,168.90,3850,105.10,56349,50.00,45448,20.00
1754,2017-10-18,LOTTO,23,45,38,9,43,25,18,0,0,3,32901.60,52,3301.10,131,1638.00,2546,141.60,3793,82.50,45657,50.00,39032,20.00
1753,2017-10-14,LOTTO,21,33,22,5,1,44,16,0,0,2,60933.30,57,3718.30,134,1977.10,3496,127.30,4499,86.00,61659,50.00,47065,20.00
1752,2017-10-11,LOTTO,28,24,5,42,15,49,41,0,0,0,0,43,6808.30,81,2868.50,2294,170.20,2600,130.50,45211,50.00,29245,20.00
1751,2017-10-07,LOTTO,43,18,50,29,22,32,25,0,0,1,128735.00,49,4569.10,145,1930.00,2820,166.70,3904,104.70,52505,50.00,40453,20.00
1750,2017-10-04,LOTTO,33,38,27,35,25,1,12,0,0,4,25182.10,27,6488.00,109,2008.90,2384,154.30,3283,97.40,47561,50.00,37280,20.00
1749,2017-09-30,LOTTO,19,24,7,51,11,25,26,0,0,0,0,74,3834.70,160,1407.60,3663,103.30,4546,72.30,64674,50.00,42190,20.00
1748,2017-09-27,LOTTO,44,11,16,8,10,35,52,0,0,0,0,36,5865.60,62,2703.10,2029,138.70,1874,130.50,40469,50.00,21197,20.00
1747,2017-09-23,LOTTO,2,33,43,19,31,52,22,0,0,2,53540.90,29,6421.70,97,2399.80,1914,204.30,3148,108.00,41018,50.00,36738,20.00
1746,2017-09-20,LOTTO,22,7,34,37,3,24,44,0,0,0,0,42,4403.90,80,1835.00,2375,103.90,2633,81.30,40572,50.00,27764,20.00
1745,2017-09-16,LOTTO,37,2,7,10,33,44,11,1,16010159.70,2,50069.00,60,2902.50,164,1327.40,2840,128.80,4521,68.80,51758,50.00,48273,20.00
1744,2017-09-13,LOTTO,49,19,4,21,10,31,350,0,0,0,0,53,4110.60,92,1879.40,2311,125.60,2886,87.60,42552,50.00,29386,20.00
1743,2017-09-09,LOTTO,35,16,27,51,9,37,400,0,0,0,0,58,5214.30,99,2424.50,2666,151.30,3089,113.40,47006,50.00,34105,20.00
1742,2017-09-06,LOTTO,24,51,1,44,7,29,23,0,0,1,100400.80,27,6467.10,86,2537.90,1766,207.60,2370,134.50,39895,50.00,29762,20.00
1741,2017-09-02,LOTTO,30,25,3,4,1,21,41,0,0,1,113943.10,63,3145.40,119,2081.50,3582,116.20,3389,106.70,67007,50.00,37593,20.00
1740,2017-08-30,LOTTO,32,35,10,33,39,42,31,1,6586613.80,0,0,30,8220.30,126,1553.40,1909,172.20,3321,86.10,37642,50.00,27102,20.00
1739,2017-08-26,LOTTO,36,28,34,25,1,49,14,0,0,0,0,30,10727.50,105,2432.50,2284,187.90,3267,114.10,48006,50.00,36050,20.00
1738,2017-08-23,LOTTO,27,7,40,1,26,6,10,1,25448845.90,2,42678.30,43,3452.30,113,1642.10,2326,134.00,3777,71.70,44296,50.00,38599,20.00
1737,2017-08-19,LOTTO,42,13,47,33,23,51,52,0,0,2,59036.30,58,3540.40,131,1959.40,2716,158.80,3067,122.20,48978,50.00,33074,20.00
1736,2017-08-16,LOTTO,50,49,31,28,39,22,21,0,0,1,97450.70,24,6626.80,65,3058.50,1666,200.50,2150,135.00,33037,50.00,25416,20.00
1735,2017-08-12,LOTTO,24,46,34,40,41,38,9,0,0,0,0,30,10093.90,83,2895.60,2067,195.30,3073,114.20,42127,50.00,34180,20.00
1734,2017-08-09,LOTTO,46,1,20,27,32,10,8,0,0,1,76079.60,32,4134.80,72,2297.00,1857,149.60,2793,86.50,35367,50.00,30439,20.00
1733,2017-08-05,LOTTO,31,45,6,39,7,33,14,0,0,3,38870.60,31,6542.00,113,2243.40,2430,175.30,3442,107.50,49531,50.00,38129,20.00
1732,2017-08-02,LOTTO,31,49,8,39,29,12,17,0,0,1,98139.10,43,3969.30,119,1792.80,2209,162.20,3294,94.60,41688,50.00,37203,20.00
1731,2017-07-29,LOTTO,26,49,16,25,35,19,48,0,0,0,0,69,9598.90,167,3285.60,3663,136.30,4178,122.10,62786,50.00,0,0
1730,2017-07-26,LOTTO,23,9,24,49,10,38,5,1,17527655.10,1,316095.10,60,4353.80,125,3826.20,2608,166.80,4209,105.70,48321,50.00,0,0
1729,2017-07-22,LOTTO,31,27,11,30,13,45,46,0,0,0,0,60,10565.20,147,3572.40,3370,141.70,3529,138.40,58454,50.00,0,0
1728,2017-07-19,LOTTO,8,9,38,16,5,2,26,0,0,1,230530.10,77,2474.20,165,2114.00,3666,86.60,3803,85.20,55833,50.00,0,0
1727,2017-07-15,LOTTO,46,17,13,26,48,30,34,0,0,1,373938.10,55,5618.70,134,4222.30,2838,181.30,4019,131.00,54616,50.00,0,0
1726,2017-07-12,LOTTO,35,33,31,40,24,1,4,0,0,0,0,25,20271.10,119,3527.90,2302,156.90,3975,98.20,44747,50.00,0,0
1725,2017-07-08,LOTTO,5,40,33,38,45,36,27,0,0,0,0,44,14620.20,132,4037.30,3300,146.90,4214,117.60,57538,50.00,0,0
1724,2017-07-05,LOTTO,44,16,29,32,30,37,10,1,6141825.90,1,318412.80,37,7112.00,111,4340.30,2200,119.30,3614,123.90,43653,50.00,0,0
1723,2017-07-01,LOTTO,19,26,16,25,12,6,48,0,0,1,346424.00,100,2862.90,179,2928.30,5286,90.30,4771,102.20,80579,50.00,0,0
1722,2017-06-28,LOTTO,15,20,30,25,29,47,38,1,18894330.20,0,0,49,11086.10,130,3461.70,3255,125.70,3518,119.00,49572,50.00,0,0
1721,2017-06-24,LOTTO,42,37,15,31,26,18,49,0,0,1,376873.60,75,4152.80,137,4162.20,3306,156.90,4056,130.70,58592,50.00,0,0
1720,2017-06-21,LOTTO,18,9,5,24,8,44,30,0,0,3,76580.70,50,3797.20,165,2106.80,3139,100.70,3587,90.10,53907,50.00,0,0
1719,2017-06-17,LOTTO,15,31,22,34,36,7,38,0,0,0,0,78,7136.60,144,3202.40,3488,120.30,4142,103.60,62847,50.00,0,0
1718,2017-06-14,LOTTO,14,19,42,12,33,11,27,0,0,0,0,55,7933.10,172,2101.50,2872,114.50,5948,56.50,51013,50.00,0,0
1717,2017-06-10,LOTTO,27,4,42,12,47,11,28,0,0,1,324478.30,43,6236.20,145,3385.90,3596,124.20,3831,119.20,62781,50.00,0,0
1716,2017-06-07,LOTTO,28,13,1,3,32,45,10,0,0,1,273073.70,46,4905.90,120,3443.10,2315,162.40,3704,103.70,48696,50.00,0,0
1715,2017-06-03,LOTTO,33,23,26,6,47,46,22,1,25475570.70,1,441413.90,63,5790.40,181,3690.00,3735,162.60,5071,122.50,68249,50.00,0,0
1714,2017-05-31,LOTTO,30,44,48,14,39,34,35,0,0,1,357596.00,44,6716.50,128,4227.10,2708,181.70,3543,141.90,50036,50.00,0,0
1713,2017-05-27,LOTTO,11,6,21,10,39,47,17,0,0,0,0,88,8598.60,248,2527.60,3925,145.30,6642,87.80,69962,50.00,0,0
1712,2017-05-24,LOTTO,30,40,14,9,1,16,39,0,0,0,0,44,10792.30,113,3481.20,2738,130.70,3029,120.80,49019,50.00,0,0
1711,2017-05-20,LOTTO,2,12,30,23,1,41,34,0,0,4,87998.70,66,4407.50,185,2878.90,3196,151.60,4343,114.00,60651,50.00,0,0
1710,2017-05-17,LOTTO,41,25,32,28,27,12,36,0,0,2,149226.60,30,8221.60,110,4105.20,2242,183.30,3391,123.90,43126,50.00,0,0
1709,2017-05-13,LOTTO,26,8,10,32,9,22,17,0,0,0,0,57,10621.20,174,2882.40,3338,136.60,5124,91.00,62889,50.00,0,0
1708,2017-05-10,LOTTO,26,43,41,5,19,44,33,0,0,1,302444.10,34,7351.40,125,3661.00,2395,173.90,3991,106.60,47833,50.00,0,0
1707,2017-05-06,LOTTO,4,9,2,30,48,32,35,1,13785355.20,2,208004.50,66,5209.00,162,3885.40,3649,156.90,5258,111.40,71739,50.00,0,0
1706,2017-05-03,LOTTO,24,37,9,16,11,30,49,0,0,4,81237.10,79,3399.30,154,3192.70,3846,116.30,3983,114.70,65448,50.00,0,0
1705,2017-04-29,LOTTO,1,7,29,43,47,22,45,0,0,5,82571.90,64,5331.20,152,4109.70,3783,150.20,4528,128.30,72126,50.00,0,0
1704,2017-04-26,LOTTO,9,48,13,35,47,2,31,0,0,1,338412.30,45,6215.00,93,5505.70,2627,177.20,3403,140.00,52029,50.00,0,0
1703,2017-04-22,LOTTO,23,38,26,47,18,3,22,1,34494651.00,1,503043.00,88,4724.10,227,3353.00,4918,140.80,6467,109.40,88251,50.00,0,0
1702,2017-04-19,LOTTO,20,35,13,48,26,39,22,0,0,1,425303.20,70,5021.20,233,2761.90,3633,161.10,5464,109.60,61991,50.00,0,0
1701,2017-04-15,LOTTO,35,38,23,27,49,14,21,0,0,4,119474.40,59,6694.00,183,3951.30,4104,160.30,5832,115.30,75206,50.00,0,0
1700,2017-04-12,LOTTO,15,26,6,43,20,18,37,0,0,2,199687.60,84,3929.20,238,2539.00,4132,133.00,5753,97.70,76229,50.00,0,0
1699,2017-04-08,LOTTO,34,27,22,44,8,9,1,0,0,2,265891.90,121,3632.00,283,2843.10,5929,123.50,7988,93.60,103643,50.00,0,0
1698,2017-04-05,LOTTO,8,43,26,11,6,35,27,0,0,1,430117.60,81,4388.40,198,3286.90,4168,142.00,5511,109.90,76369,50.00,0,0
1697,2017-04-01,LOTTO,23,24,47,31,3,35,2,0,0,3,194757.40,88,5487.00,241,3668.20,4933,163.00,6194,132.70,90494,50.00,0,0
1696,2017-03-29,LOTTO,11,28,29,13,18,31,40,0,0,4,95541.20,78,4049.00,174,3323.30,4285,122.80,4930,109.10,73451,50.00,0,0
1695,2017-03-25,LOTTO,25,5,24,9,19,1,17,1,3848511.70,9,46287.90,187,1841.10,521,1209.80,7660,74.80,11883,49.30,113611,50.00,0,0
1694,2017-03-22,LOTTO,35,5,22,7,17,25,49,1,5721912.20,4,57758.00,145,1316.70,205,1705.20,6078,52.40,4851,67.10,84250,50.00,0,0
1693,2017-03-18,LOTTO,5,2,49,7,20,13,21,0,0,3,129450.10,132,2431.40,251,2341.00,5762,92.70,6716,81.30,91602,50.00,0,0
1692,2017-03-15,LOTTO,25,1,36,31,14,13,37,1,30676533.10,0,0,64,11100.00,197,2987.40,3780,141.60,5076,107.80,70484,50.00,0,0
1691,2017-03-11,LOTTO,18,9,46,24,27,34,1,0,0,0,0,112,7399.60,219,3135.00,4666,133.90,5751,111.10,82726,50.00,0,0
1690,2017-03-08,LOTTO,19,20,38,44,11,17,35,0,0,1,329509.00,63,4322.40,157,3175.50,3857,117.60,4775,97.00,68990,50.00,0,0
1689,2017-03-04,LOTTO,7,38,12,41,31,9,25,0,0,0,0,69,1167.20,205,3253.30,4252,142.70,5821,106.60,50934,50.00,0,0
1688,2017-03-01,LOTTO,44,4,41,43,40,34,6,0,0,0,0,81,9645.80,128,5056.70,4492,131.00,4510,133.50,67899,50.00,0,0
1687,2017-02-25,LOTTO,7,45,40,34,27,23,26,0,0,0,0,93,8906.10,177,3876.60,4776,130.70,5303,120.30,83063,50.00,0,0
1686,2017-02-22,LOTTO,39,7,12,48,46,16,14,0,0,4,62475.60,41,5037.10,92,4110.00,2155,159.70,2758,127.40,40728,50.00,0,0
1685,2017-02-18,LOTTO,8,36,34,14,31,19,6,0,0,2,160597.10,60,4424.10,153,3176.30,3159,139.90,4364,103.60,57594,50.00,0,0
1684,2017-02-15,LOTTO,19,48,5,47,2,15,30,0,0,2,127644.80,43,4906.40,113,3418.30,2206,159.30,3023,118.90,44367,50.00,0,0
1683,2017-02-11,LOTTO,37,16,31,29,22,12,9,1,12456743.60,2,182153.80,77,3910.00,212,2600.10,3597,139.40,5133,99.80,63549,50.00,0,0
1682,2017-02-08,LOTTO,28,32,24,23,5,48,46,0,0,0,0,40,13428.60,115,3869.40,2513,161.00,3012,137.50,47599,50.00,0,0
1681,2017-02-04,LOTTO,7,19,13,38,41,39,27,0,0,2,184006.50,84,3620.60,262,2125.30,4073,124.40,6281,82.40,70827,50.00,0,0
1680,2017-02-01,LOTTO,34,24,48,9,49,14,42,0,0,0,0,48,12252.10,162,3007.40,2980,148.70,3660,123.80,50574,50.00,0,0
1679,2017-01-28,LOTTO,10,31,13,30,14,18,49,1,17484839.20,0,0,71,10680.00,142,4423.80,4122,1383.60,4607,126.80,76344,50.00,0,0
1678,2017-01-25,LOTTO,2,17,1,16,34,19,45,0,0,1,271567.10,68,3300.40,141,2914.10,3467,107.80,3479,109.90,58738,50.00,0,0
1677,2017-01-21,LOTTO,41,9,31,19,36,35,13,0,0,2,171727.70,46,6170.50,179,2903.20,3314,142.70,4719,102.40,61915,50.00,0,0
1676,2017-01-18,LOTTO,32,27,23,12,4,28,33,0,0,0,0,49,9275.40,118,3190.90,2873,119.20,3621,96.60,48011,50.00,0,0
1675,2017-01-14,LOTTO,35,3,30,14,16,26,7,0,0,3,118226.50,74,3961.00,224,2395.70,3147,155.10,5718,87.30,58187,50.00,0,0
1674,2017-01-11,LOTTO,30,46,47,10,6,36,31,0,0,1,258968.10,43,4977.10,107,3662.00,1982,179.90,2625,138.80,38367,50.00,0,0
1673,2017-01-07,LOTTO,30,14,33,49,27,28,12,1,3077465.20,0,0,38,16011.40,122,4131.50,2665,172.00,3388,138.40,50246,50.00,0,0
1672,2017-01-04,LOTTO,29,5,20,41,6,43,15,1,2679555.30,0,0,54,9810.40,108,4063.70,1975,202.20,3114,131.00,40274,50.00,0,0
1671,2016-12-31,LOTTO,21,49,13,9,48,24,36,1,5881598.60,1,358729.70,52,5701.20,211,2572.40,3226,153.00,4438,113.80,59737,50.00,0,0
1670,2016-12-28,LOTTO,27,43,4,39,45,49,47,0,0,0,0,47,10800.60,203,2071.60,2284,167.60,3958,98.70,42176,50.00,0,0
1669,2016-12-24,LOTTO,11,30,32,33,23,14,39,2,15414643.20,3,158800.30,109,3612.00,196,3677.60,4520,145.00,5951,112.70,86238,50.00,0,0
1668,2016-12-21,LOTTO,33,11,29,34,40,36,16,0,0,2,189640.20,60,5224.20,150,3825.90,3662,142.60,5178,103.00,66372,50.00,0,0
1667,2016-12-17,LOTTO,47,22,12,34,38,40,9,0,0,2,223127.60,92,4008.60,203,3326.10,4026,152.50,5187,121.10,71485,50.00,0,0
1666,2016-12-14,LOTTO,8,9,27,39,20,21,32,0,0,2,186766.00,97,3182.40,216,2616.60,4202,122.40,5117,102.70,73857,50.00,0,0
1665,2016-12-10,LOTTO,43,34,15,12,46,3,32,0,0,2,190598.00,56,5625.50,107,5390.30,3279,160.00,4093,131.10,58456,50.00,0,0
1664,2016-12-07,LOTTO,31,39,13,1,29,23,14,0,0,0,0,43,12591.60,104,4313.00,2707,150.70,3190,130.70,49062,50.00,0,0
1663,2016-12-03,LOTTO,39,21,27,18,46,2,41,0,0,0,0,81,8527.90,143,4001.70,3561,146.20,4035,131.90,62807,50.00,0,0
1662,2016-11-30,LOTTO,7,10,32,5,3,23,38,0,0,1,261240.90,107,2017.70,170,2325.10,4744,75.80,4260,86.30,70700,50.00,0,0
1661,2016-11-26,LOTTO,9,7,22,24,43,48,23,0,0,2,172316.90,55,5178.40,176,2962.80,3305,143.50,4586,105.70,63958,50.00,0,0
1660,2016-11-23,LOTTO,38,5,40,39,1,41,12,1,2401708.10,1,259978.70,49,4384.80,108,3642.20,2386,149.90,2619,139.70,35862,50.00,0,0
1659,2016-11-19,LOTTO,13,7,25,43,20,32,14,2,1462892.30,0,0,100,5784.40,128,3743.80,3658,119.20,3994,111.60,58146,50.00,0,0
1658,2016-11-16,LOTTO,36,8,25,11,46,24,47,1,5612203.70,0,0,41,12159.60,104,3971.20,2700,139.10,3089,124.30,48593,50.00,0,0
1657,2016-11-12,LOTTO,40,44,35,18,9,4,48,0,0,2,167273.70,66,4189.00,157,3224.10,3501,131.50,4246,1100.90,63104,50.00,0,0
1656,2016-11-09,LOTTO,11,6,43,10,39,38,1,1,33341612.10,2,183121.20,57,5310.00,187,2963.30,3255,154.90,4771,108.00,60056,50.00,0,0
1655,2016-11-05,LOTTO,11,30,36,38,29,37,10,0,0,3,162629.90,58,6951.70,177,4170.70,3278,204.90,4932,139.20,68335,50.00,0,0
1654,2016-11-02,LOTTO,19,38,4,26,23,41,48,0,0,1,357320.80,79,3738.00,165,3276.60,3687,133.40,4424,113.60,63936,50.00,0,0
1653,2016-10-29,LOTTO,47,33,17,40,11,41,18,0,0,0,0,67,11004.10,179,3412.20,4066,136.60,5032,112.90,73793,50.00,0,0
1652,2016-10-26,LOTTO,43,29,23,27,32,49,9,0,0,0,0,47,12396.30,156,3094.00,2735,160.50,4171,107.60,49376,50.00,0,0
1651,2016-10-22,LOTTO,5,1,29,27,34,42,14,0,0,1,367073.30,53,5723.70,145,3830.40,2904,174.00,4065,127.10,55776,50.00,0,0
1650,2016-10-19,LOTTO,41,26,23,1,45,39,34,0,0,0,0,42,12927.80,113,3980.60,1886,216.90,3015,138.70,39249,50.00,0,0
1649,2016-10-15,LOTTO,8,17,34,23,22,49,37,0,0,2,171369.70,79,3585.40,182,2849.30,3605,130.90,4826,99.90,64399,50.00,0,0
1648,2016-10-12,LOTTO,18,36,5,32,48,14,23,0,0,1,277419.10,44,5210.60,165,2544.00,2443,156.30,3925,99.50,43665,50.00,0,0
1647,2016-10-08,LOTTO,14,39,40,38,1,48,45,0,0,2,195251.90,47,6866.30,110,5371.40,2761,194.70,3540,155.20,50129,50.00,0,0
1646,2016-10-05,LOTTO,17,15,25,7,40,31,47,1,25196368.70,2,179606.40,99,2998.60,192,2830.80,4544,108.80,4897,103.20,75139,50.00,0,0
1645,2016-10-01,LOTTO,32,26,3,39,4,37,35,0,0,3,147068.60,54,6752.30,198,3371.50,3864,157.10,5372,115.60,77026,50.00,0,0
1644,2016-09-28,LOTTO,23,31,16,30,45,9,19,0,0,0,0,69,8998.30,190,2707.20,3312,141.30,4614,103.60,55344,50.00,0,0
1643,2016-09-24,LOTTO,8,35,10,33,17,20,49,0,0,1,346880.80,89,3221.00,155,3386.10,37947,120.10,4709,103.70,71801,50.00,0,0
1642,2016-09-21,LOTTO,37,23,46,48,28,22,11,0,0,0,0,44,12936.80,121,3897.10,2124,202.10,3460,126.80,43429,50.00,0,0
1641,2016-09-17,LOTTO,12,2,16,11,25,8,6,0,0,2,157342.20,97,2681.10,347,1372.20,4783,90.50,7550,58.60,75716,50.00,0,0
1640,2016-09-14,LOTTO,24,16,45,18,8,47,22,0,0,1,267014.50,50,4413.30,141,2865.30,2508,146.50,3708,101.40,46223,50.00,0,0
1639,2016-09-10,LOTTO,2,26,48,10,7,38,17,0,0,2,173418.90,48,5971.60,188,2791.40,3396,140.60,4997,97.60,61523,50.00,0,0
1638,2016-09-07,LOTTO,9,43,24,44,49,6,46,1,2819740.30,2,152614.80,45,5605.50,107,4316.20,2427,173.10,3533,121.60,48545,50.00,0,0
1637,2016-09-03,LOTTO,15,8,42,29,10,22,16,1,6556314.90,2,198551.70,83,3953.90,205,2930.90,4141,132.00,5976,93.50,71486,50.00,0,0
1636,2016-08-31,LOTTO,19,16,1,27,38,43,31,0,0,1,312600.70,50,5166.80,116,4077.40,2816,152.80,3757,117.00,53033,50.00,0,0
1635,2016-08-27,LOTTO,20,11,22,27,7,25,10,4,1284612.00,4,80724.70,204,1308.10,327,1494.40,6484,68.50,7841,58.00,92574,50.00,0,0
1634,2016-08-24,LOTTO,7,40,2,13,9,29,45,0,0,2,116662.50,68,2835.60,121,2917.60,3246,98.90,3041,107.90,52204,50.00,0,0
1633,2016-08-20,LOTTO,48,24,46,43,34,15,39,1,6088251.50,2,190423.30,61,5159.70,136,4237.10,3077,170.40,3947,135.80,53866,50.00,0,0
1632,2016-08-17,LOTTO,16,43,29,23,22,5,10,0,0,0,0,43,11816.10,143,2943.50,2523,151.70,4041,96.90,46765,50.00,0,0
1631,2016-08-13,LOTTO,20,9,14,4,17,24,12,1,12003288.20,6,57639.50,117,2442.80,335,1562.00,5092,93.50,7730,62.90,79197,50.00,0,0
1630,2016-08-10,LOTTO,35,3,30,41,37,45,24,0,0,0,0,27,20429.80,95,4810.10,2160,192.40,3356,126.60,42657,50.00,0,0
1629,2016-08-06,LOTTO,40,1,8,11,14,48,16,0,0,1,383298.50,69,4590.80,191,3036.40,3937,134.00,5687,94.90,69216,50.00,0,0
1628,2016-08-03,LOTTO,44,43,11,7,20,8,28,0,0,3,89392.10,49,4523.00,197,2059.70,2923,126.30,3902,96.70,57490,50.00,0,0
1627,2016-07-30,LOTTO,29,30,34,43,28,49,40,1,35244636.50,1,623708.90,75,6872.60,212,4451.50,4188,205.00,6240,140.60,81088,50.00,0,0
1626,2016-07-27,LOTTO,28,19,2,40,22,45,1,0,0,2,208336.30,90,3826.10,180,3502.50,4059,141.30,5171,113.40,71901,50.00,0,0
1625,2016-07-23,LOTTO,16,38,36,24,5,41,4,0,0,1,437637.80,75,4822.30,142,4663.10,3981,151.30,5206,118.30,70968,50.00,0,0
1624,2016-07-20,LOTTO,36,24,49,13,27,48,17,0,0,2,163264.20,46,5866.30,147,3361.00,2430,184.90,4324,106.20,47480,50.00,0,0
1623,2016-07-16,LOTTO,48,7,34,37,4,31,22,0,0,2,195836.60,83,3899.80,271,2186.80,4146,130.00,6331,87.10,77522,50.00,0,0
1622,2016-07-13,LOTTO,4,39,47,11,45,32,25,0,0,0,0,56,10492.90,164,2968.20,2361,187.60,3422,132.30,43266,50.00,0,0
1621,2016-07-09,LOTTO,12,40,21,16,34,15,23,1,6083391.10,3,126689.50,85,3695.30,184,3125.30,3972,131.70,5289,101.10,75374,50.00,0,0
1620,2016-07-06,LOTTO,11,21,3,22,14,16,5,0,0,2,139221.40,89,2585.50,396,1063.90,4073,94.10,6386,61.30,65802,50.00,0,0
1619,2016-07-02,LOTTO,40,33,24,3,4,23,37,1,3693591.30,0,0,96,7606.70,167,3622.50,4067,135.30,5356,105.10,78343,50.00,0,0
1618,2016-06-29,LOTTO,36,9,13,47,25,46,42,1,15246350.20,0,0,52,12114.80,111,4701.70,12511,189.10,3445,140.80,48131,50.00,0,0
1617,2016-06-25,LOTTO,28,20,4,44,46,15,26,0,0,1,422709.60,73,4785.40,153,4180.20,3424,169.90,4442,133.90,64524,50.00,0,0
1616,2016-06-22,LOTTO,42,17,35,19,36,7,32,0,0,1,23732.90,51,3852.30,114,3155.40,2891,113.10,3507,95.40,50811,50.00,0,0
1615,2016-06-18,LOTTO,15,6,35,49,3,28,12,0,0,1,351704.30,64,4541.50,142,3747.50,3152,153.60,4835,102.40,57925,50.00,0,0
1614,2016-06-15,LOTTO,32,47,23,29,6,26,19,0,0,1,293309.80,36,6733.40,148,2998.60,2223,181.60,3752,109.90,41664,50.00,0,0
1613,2016-06-11,LOTTO,30,27,12,8,6,7,39,2,6968066.70,2,176805.80,99,2951.80,184,2907.80,4805,101.30,4689,106.20,83793,50.00,0,0
1612,2016-06-08,LOTTO,48,45,4,1,25,27,19,0,0,0,0,44,14387.00,124,4229.20,2347,203.20,4052,120.30,47500,50.00,0,0
1611,2016-06-04,LOTTO,1,17,27,42,26,11,16,0,0,2,212474.60,100,3511.90,214,3004.50,4359,134.20,5878,101.70,79831,50.00,0,0
1610,2016-06-01,LOTTO,31,24,14,47,40,42,15,0,0,1,383394.20,47,6741.50,103,5632.10,2710,194.80,3425,157.50,51866,50.00,0,0
1609,2016-05-28,LOTTO,20,1,5,49,23,47,41,1,30000000.00,2,334571.00,147,3761.80,281,3603.00,7510,122.60,8523,110.50,130553,50.00,0,0
1608,2016-05-25,LOTTO,4,48,12,44,13,20,43,0,0,0,0,44,13818.10,92,5474.90,2907,157.70,3296,142.10,54154,50.00,0,0
1607,2016-05-21,LOTTO,44,41,1,30,14,10,46,0,0,1,309610.10,85,8195.60,161,2403.80,4980,260.30,4839,175.90,76320,36.50,0,0
1606,2016-05-18,LOTTO,13,38,4,49,33,32,43,0,0,1,237050.40,46,11594.90,138,2147.10,2875,345.20,4532,143.90,56615,37.70,0,0
1605,2016-05-14,LOTTO,34,6,48,38,44,13,31,0,0,4,79887.60,84,8558.70,187,2135.90,4415,303.10,5464,160.80,75096,38.30,0,0
1604,2016-05-11,LOTTO,40,8,41,44,10,14,47,1,3981220.60,2,128742.00,66,8777.90,150,2145.70,3631,297.00,4609,153.60,65105,35.50,0,0
1603,2016-05-07,LOTTO,3,30,45,36,2,19,12,0,0,3,115325.50,74,10519.50,246,1758.00,4450,325.50,6577,144.70,85664,36.40,0,0
1602,2016-05-04,LOTTO,32,35,24,21,18,23,41,0,0,1,269135.90,102,5936.90,183,1838.40,4387,256.90,5120,144.50,73986,32.70,0,0
1601,2016-04-30,LOTTO,41,40,45,19,28,12,14,1,20000000.00,2,242010.80,107,10178.00,283,2137.90,6390,317.20,8324,159.90,120480,36.20,0,0
1600,2016-04-27,LOTTO,8,3,26,1,39,14,16,0,0,0,0,85,9908.80,206,1572.50,4042,268.50,6088,117.10,73563,31.70,0,0
1599,2016-04-23,LOTTO,8,18,1,26,31,33,32,0,0,2,171573.70,83,9302.10,220,1949.70,5123,280.50,6622,142.50,92777,33.30,0,0
1598,2016-04-20,LOTTO,13,4,17,23,2,6,38,0,0,4,61247.50,123,4481.60,185,1655.40,4999,205.20,4848,139.00,82881,26.50,0,0
1597,2016-04-16,LOTTO,17,34,31,7,18,23,44,0,0,3,110193.90,95,7829.50,233,1773.50,5006,276.50,5888,154.40,95944,31.10,0,0
1596,2016-04-13,LOTTO,18,2,7,11,20,38,40,0,0,1,247328.10,108,5152.70,230,1344.20,5350,193.60,5508,123.50,85284,26.10,0,0
1595,2016-04-09,LOTTO,13,30,27,31,17,25,4,0,0,2,165952.50,94,7944.50,282,1471.20,4905,283.40,7086,128.80,89291,33.40,0,0
1594,2016-04-06,LOTTO,20,11,21,47,16,12,6,0,0,1,253652.30,51,11190.60,190,1668.70,3503,303.20,5628,123.90,66650,34.30,0,0
1593,2016-04-02,LOTTO,16,42,39,1,6,28,43,0,0,1,355136.60,61,13099.30,162,2740.30,4380,339.50,5560,175.70,86142,37.10,0,0
1592,2016-03-30,LOTTO,34,38,10,5,22,39,32,0,0,4,60775.50,80,6837.30,152,199.20,3555,286.30,4446,150.30,62388,35.00,0,0
1591,2016-03-26,LOTTO,31,41,17,27,1,23,9,1,20000000.00,4,105869.20,127,7502.50,391,1353.80,6368,278.50,9469,123.00,108566,35.10,0,0
1590,2016-03-23,LOTTO,17,20,48,10,24,46,9,0,0,2,113573.90,86,5942.80,204,1391.90,3514,270.70,4413,141.60,59298,34.50,0,0
1589,2016-03-19,LOTTO,9,31,42,5,48,40,17,0,0,3,102985.30,72,9654.90,204,1893.10,3690,350.60,5615,151.30,73396,37.90,0,0
1588,2016-03-16,LOTTO,37,32,46,30,47,15,40,0,0,0,0,37,20741.00,116,2544.50,2422,408.20,3703,175.40,49001,43.40,0,0
1587,2016-03-12,LOTTO,26,4,15,22,39,30,6,0,0,3,107038.20,95,7605.30,256,1567.90,4812,279.50,7677,115.00,83034,34.80,0,0
1586,2016-03-09,LOTTO,45,41,48,9,35,29,25,0,0,2,117840.00,45,11784.00,134,2198.60,2728,361.80,3809,170.10,51525,41.20,0,0
1585,2016-03-05,LOTTO,35,15,3,21,48,38,43,1,2817004.80,5,67436.40,92,8246.30,209,2016.60,4757,296.80,5936,156.20,84096,36.10,0,0
1584,2016-03-02,LOTTO,18,36,23,27,37,30,14,0,0,2,140121.80,82,7689.60,159,2203.20,4345,270.10,4757,162.10,72579,34.70,0,0
1583,2016-02-27,LOTTO,43,44,47,35,14,2,6,1,2604545.00,4,88887.00,81,9876.40,175,2539.60,4118,361.50,5985,163.30,79194,40.40,0,0
1582,2016-02-24,LOTTO,5,41,15,11,4,26,49,0,0,3,71770.40,51,9498.90,113,2381.70,3461,260.50,3776,156.80,31412,31.50,0,0
1581,2016-02-20,LOTTO,7,20,37,48,35,24,43,1,2430959.50,3,101365.00,97,7053.80,208,1827.50,4845,262.80,5519,151.60,80543,34.00,0,0
1580,2016-02-17,LOTTO,19,25,16,14,6,40,22,0,0,0,0,67,1093.40,178,1606.00,3533,271.10,5392,116.60,62289,33.10,0,0
1579,2016-02-13,LOTTO,21,30,31,4,37,17,39,2,2803767.00,0,0,82,12962.10,194,2107.30,4504,304.10,5859,153.50,84811,34.70,0,0
1578,2016-02-10,LOTTO,25,40,1,49,46,33,43,0,0,2,128443.80,58,9965.50,163,1970.00,3439,312.70,4623,152.80,62791,36.80,0,0
1577,2016-02-06,LOTTO,31,41,37,17,1,47,18,0,0,3,118330.80,71,11249.70,175,2535.60,4718,315.10,5651,172.80,85178,37.50,0,0
1576,2016-02-03,LOTTO,49,32,9,18,20,6,26,0,0,1,290126.10,90,7253.30,197,1840.80,4412,275.40,5930,134.60,79885,32.80,0,0
1575,2016-01-30,LOTTO,35,23,27,9,16,5,15,1,20000000.00,9,65330.20,286,4625.60,585,1256.40,10894,226.00,14090,114.70,172194,30.70,0,0
1574,2016-01-27,LOTTO,43,37,20,26,13,8,32,3,402267.70,1,264504.80,93,6399.30,237,1395.00,3982,278.10,4934,147.40,66307,35.80,0,0
1573,2016-01-23,LOTTO,10,44,6,23,16,30,12,1,2613787.10,1,333731.10,105,7151.40,289,1443.50,5264,265.50,7165,128.10,91231,33.00,0,0
1572,2016-01-20,LOTTO,37,11,3,43,2,1,6,0,0,3,79717.90,84,6405.90,224,1334.60,4066,246.30,11185,58.80,67884,31.70,0,0
1571,2016-01-16,LOTTO,18,8,6,25,39,47,20,1,4103412.90,0,0,96,11579.80,247,1730.10,4528,316.20,6619,142.10,84658,36.30,0,0
1570,2016-01-13,LOTTO,3,24,8,47,44,9,37,0,0,1,245507.40,66,8369.60,174,1763.70,3373,304.80,4388,153.80,64487,34.30,0,0
1569,2016-01-09,LOTTO,38,2,47,46,42,31,27,0,0,1,311998.90,50,14040.00,169,2307.70,3713,351.90,4853,176.80,69510,40.40,0,0
1568,2016-01-06,LOTTO,14,9,28,19,43,44,49,1,6089116.80,1,267602.40,64,9407.90,159,2103.80,3468,323.10,4478,164.40,65884,36.50,0,0
1567,2016-01-02,LOTTO,45,5,39,8,36,3,44,0,0,2,146447.60,86,7662.90,190,1926.90,4072,301.20,4931,163.30,77858,33.90,0,0
1566,2015-12-30,LOTTO,3,2,23,48,29,45,9,0,0,5,53221.70,64,9355.40,171,1945.30,3004,370.90,5161,141.80,61983,38.60,0,0
1565,2015-12-26,LOTTO,40,41,42,9,45,24,32,0,0,1,223957.40,54,9331.60,135,2073.70,3705,253.10,3727,165.20,55061,36.60,0,0
1564,2015-12-23,LOTTO,10,1,30,15,39,32,42,0,0,1,284037.40,75,8521.10,164,2164.90,3987,298.30,4665,167.50,73119,35.00,0,0
1563,2015-12-19,LOTTO,5,38,15,22,49,20,13,1,1634851.90,3,119222.10,80,10059.30,228,1960.90,5460,274.30,6909,142.40,100519,32.00,0,0
1562,2015-12-16,LOTTO,30,27,7,2,15,17,49,2,10781969.69,4,85695.30,160,4820.40,343,1249.20,7277,197.30,7766,121.30,107704,28.70,0,0
1561,2015-12-12,LOTTO,43,46,48,11,29,31,12,0,0,3,161446.50,99,11007.70,238,2543.80,5606,361.80,7353,181.20,111058,39.20,0,0
1560,2015-12-09,LOTTO,4,41,39,14,34,32,45,0,0,1,255152.50,53,10831.90,135,26362.40,3128,341.50,3891,180.10,59435,38.60,0,0
1559,2015-12-05,LOTTO,16,43,39,19,5,8,13,0,0,0,0,76,14218.80,302,1376.30,5052,275.60,7322,124.80,89912,33.30,0,0
1558,2015-12-02,LOTTO,40,33,25,34,36,43,35,1,1240259.10,0,0,65,13591.90,192,1769.80,3401,334.80,6297,118.80,65039,37.70,0,0
1557,2015-11-28,LOTTO,47,26,9,4,20,23,32,1,1659319.70,3,121272.20,116,7056.80,241,1887.00,5364,284.00,6522,153.40,95044,34.40,0,0
1556,2015-11-25,LOTTO,34,14,43,5,44,23,8,1,2460063.00,5,48983.50,90,6122.90,222,1379.00,3334,307.60,5044,133.50,59751,36.90,0,0
1555,2015-11-21,LOTTO,9,4,42,8,29,6,46,0,0,2,147137.20,76,8712.10,159,2313.50,5054,243.80,4702,172.10,85802,30.90,0,0
1554,2015-11-18,LOTTO,30,3,14,41,27,38,22,1,1025750.70,0,0,48,15222.40,155,1813.10,2578,365.20,4319,143.10,50014,40.40,0,0
1553,2015-11-14,LOTTO,4,38,8,44,11,5,31,2,5347710.40,0,0,100,11277.80,266,1919.30,5434,267.40,6505,146.70,101186,30.90,0,0
1552,2015-11-11,LOTTO,21,20,14,2,37,25,14,0,0,3,85565.00,62,9315.70,158,2030.70,3567,301.40,5198,136.00,66811,34.60,0,0
1551,2015-11-07,LOTTO,4,1,7,20,3,16,5,0,0,14,24091.80,258,2941.40,1231,342.50,8215,171.90,21751,42.60,113928,26.60,0,0
1550,2015-11-04,LOTTO,40,36,29,31,38,39,6,0,0,2,140102.20,74,8519.70,140,2501.80,3766,311.60,4326,178.10,61527,41.00,0,0
1549,2015-10-31,LOTTO,1,24,39,30,44,20,26,0,0,1,337610.20,80,9495.30,182,2318.80,4221,334.90,5728,162.10,81680,37.20,0,0
1548,2015-10-28,LOTTO,23,46,31,42,47,16,4,0,0,1,249171.40,52,10781.50,133,2341.80,3048,342.40,4125,166.10,55345,40.50,0,0
1547,2015-10-24,LOTTO,29,28,31,5,40,11,46,0,0,7,44896.80,91,7770.60,168,2338.40,4293,306.50,4793,180.30,78812,35.90,0,0
1546,2015-10-21,LOTTO,38,30,13,14,33,20,3,0,0,1,221947.70,56,8917.40,183,1516.10,3013,308.50,5134,119.00,55464,36.10,0,0
1545,2015-10-17,LOTTO,47,34,8,17,22,38,10,2,7920718.60,0,0,150,7927.40,292,1566.20,6406,239.20,7438,135.20,102531,32.10,0,0
1544,2015-10-14,LOTTO,12,32,42,37,5,19,25,0,0,7,37977.20,86,6955.10,300,1107.70,4424,251.60,5696,128.40,69654,34.30,0,0
1543,2015-10-10,LOTTO,45,1,2,34,19,30,40,0,0,1,326638.20,50,14698.70,166,2459.60,4164,328.70,5816,154.40,78401,37.50,0,0
1542,2015-10-07,LOTTO,24,43,1,31,46,8,25,0,0,0,0,52,16334.20,116,2816.30,2911,375.90,3787,189.90,57097,41.20,0,0
1541,2015-10-03,LOTTO,29,16,41,48,2,44,23,0,0,4,85692.30,90,8569.30,232,1846.80,4113,349.00,5926,159.00,76570,40.30,0,0
1540,2015-09-30,LOTTO,49,40,46,4,3,44,1,0,0,3,90950.60,84,7308.50,194,1758.00,3820,299.10,5520,136.00,65751,37.30,0,0
1539,2015-09-26,LOTTO,32,9,39,37,46,28,42,0,0,3,105931.00,51,14020.30,246,1614.80,3968,335.40,5898,148.10,72624,39.40,0,0
1538,2015-09-23,LOTTO,8,46,23,28,14,35,17,0,0,1,230257.20,63,8223.40,217,1326.40,2970,324.70,5254,120.50,55942,37.00,0,0
1537,2015-09-19,LOTTO,9,1,39,33,19,2,16,0,0,0,0,118,8225.20,273,1367.40,5940,210.50,6680,123.00,93522,28.80,0,0
1536,2015-09-16,LOTTO,47,7,38,3,13,5,28,0,0,2,120111.70,61,8860.70,170,1766.40,4033,249.40,4884,135.20,71085,30.40,0,0
1535,2015-09-12,LOTTO,7,2,21,47,42,43,48,0,0,2,152780.70,62,11089.00,172,2220.60,3823,334.70,4988,168.50,76000,36.20,0,0
1534,2015-09-09,LOTTO,45,37,7,41,9,23,31,0,0,1,244298.40,66,8328.30,159,1920.50,3361,304.40,5207,129.00,64408,34.10,0,0
1533,2015-09-05,LOTTO,8,19,2,1,18,42,10,1,9334856.70,3,112482.90,89,8531.00,396,1425.10,5390,262.20,8192,113.30,93948,32.30,0,0
1532,2015-09-02,LOTTO,6,4,3,23,39,8,18,0,0,3,96069.20,89,7288.20,230,1566.80,5164,233.70,7063,112.20,92155,28.20,0,0
1531,2015-08-29,LOTTO,36,28,14,32,46,31,3,0,0,0,0,50,22234.30,167,2560.30,3499,409.40,5329,176.60,76664,40.10,0,0
1530,2015-08-26,LOTTO,37,20,21,42,11,30,28,0,0,1,250501.30,49,11502.60,139,2252.70,3491,300.50,4239,162.40,64516,35.00,0,0
1529,2015-08-22,LOTTO,4,9,38,34,41,1,17,0,0,1,296105.10,65,10249.70,230,1609.30,3843,322.60,6143,132.60,73952,36.00,0,0
1528,2015-08-19,LOTTO,28,2,3,1,23,6,24,0,0,4,55843.70,100,5026.00,211,1323.30,8519,109.80,4365,140.70,66063,30.40,0,0
1527,2015-08-15,LOTTO,11,33,16,2,43,24,14,0,0,4,77053.10,147,4717.50,285,1351.80,5815,222.00,8417,100.70,95151,29.20,0,0
1526,2015-08-12,LOTTO,32,29,20,6,25,35,46,1,1002985.30,2,109916.10,652,7977.90,117,2348.60,3088,298.00,3058,197.70,55791,35.50,0,0
1525,2015-08-08,LOTTO,29,12,22,17,37,48,40,2,691053.10,6,50487.90,111,6140.40,230,1646.40,4577,277.20,5893,141.40,78473,34.70,0,0
1524,2015-08-05,LOTTO,15,34,38,8,17,29,31,1,2646180.30,3,83828.40,75,7544.50,159,1977.00,3703,284.40,4406,156.90,66969,33.80,0,0
1523,2015-08-01,LOTTO,33,40,24,8,38,22,26,0,0,4,82124.90,104,7107.00,275,1493.20,5416,254.00,6803,132.80,91808,32.20,0,0
1522,2015-07-29,LOTTO,34,28,6,3,43,39,2,1,1075902.70,1,235814.40,49,10828.20,138,2136.00,3170,311.40,3667,176.90,58018,36.60,0,0
1521,2015-07-25,LOTTO,15,24,35,18,42,17,22,1,1394169.00,2,152785.60,132,5208.60,255,1497.90,5545,230.80,7231,116.20,85646,32.10,0,0
1520,2015-07-22,LOTTO,40,47,49,23,20,43,15,2,482741.70,1,211612.50,73,6522.30,155,1706.50,3114,284.50,3902,149.20,51469,37.00,0,0
1519,2015-07-18,LOTTO,5,18,31,22,32,7,15,1,7286638.00,6,48995.10,97,6818.90,245,1499.90,5081,242.30,7809,103.50,88817,29.80,0,0
1518,2015-07-15,LOTTO,13,36,8,43,12,38,40,0,0,3,75787.50,79,6475.50,232,1225.00,3583,265.60,4867,128.50,66647,30.70,0,0
1517,2015-07-11,LOTTO,14,30,3,2,25,31,5,0,0,0,0,75,12814.40,212,1743.60,17772,69.70,6494,125.20,70427,37.80,0,0
1516,2015-07-08,LOTTO,30,23,39,48,5,26,47,0,0,0,0,56,13571.70,104,2810.70,3064,319.70,3257,197.50,57170,36.80,0,0
1515,2015-07-04,LOTTO,5,6,2,7,8,37,48,0,0,3,102369.40,245,2820.40,224,1713.80,7708,166.80,5558,151.90,101333,27.30,0,0
1514,2015-07-01,LOTTO,22,39,16,4,1,10,13,0,0,0,0,77,10090.20,226,1322.20,3872,258.60,5186,126.80,66582,32.30,0,0
1513,2015-06-27,LOTTO,32,18,42,37,6,28,39,1,4187432.40,1,296517.10,108,6177.50,207,1790.60,4585,270.80,5223,156.10,76674,34.80,0,0
1512,2015-06-24,LOTTO,3,39,5,23,43,36,45,0,0,1,191629.50,49,8799.30,95,2521.50,2655,302.20,3021,174.50,50105,34.40,0,0
1511,2015-06-20,LOTTO,28,4,48,45,44,39,12,0,0,0,0,48,17283.20,163,1957.50,2862,373.50,4796,146.30,56414,40.70,0,0
1510,2015-06-17,LOTTO,34,28,22,13,14,32,15,0,0,1,174385.80,62,6328.60,136,1602.80,2652,275.30,3746,128.10,46474,33.80,0,0
1509,2015-06-13,LOTTO,10,24,43,35,23,36,37,1,107574.80,0,0,61,12933.70,153,1983.30,3189,318.80,3873,172.30,59544,36.70,0,0
1508,2015-06-10,LOTTO,3,48,23,37,40,5,2,1,807370.60,0,0,33,17427.70,117,1890.50,2370,312.70,3071,158.40,44922,35.50,0,0
1507,2015-06-06,LOTTO,21,4,33,22,38,24,19,1,25000000.00,1,284379.40,98,6529.10,266,1336.40,4288,277.70,7422,105.40,78884,32.40,0,0
1506,2015-06-03,LOTTO,20,21,16,39,23,18,31,0,0,1,97513.60,44,4986.50,67,1819.30,1632,250.20,1851,144.90,26869,32.70,0,0